load_date,candidate_status,district,district_number,election_years,election_districts,cycles,incumbent_challenge,incumbent_challenge_full,office,office_full,party,party_full,state,name,candidate_id,active_through
2016-02-17,N,00,0,{2016},{00},{2016},O,Open seat,P,President,DEM,Democratic Party,US,"GRISKIE, CHRISTIN NOEL",P60018678,2016
2016-05-10,N,00,0,{2016},{00},{2016},O,Open seat,P,President,IND,Independent,US,"PIERCE, DAVIS",P60020476,2016
2016-03-16,N,00,0,{2016},{00},{2016},O,Open seat,P,President,IND,Independent,US,"GOELLNER, JOSHUA JAMES",P60020088,2016
2016-05-05,N,00,0,{2016},{00},{2016},,,P,President,NON,NON PARTISAN,US,"CADY, JOSHUA SCOTT",P60021326,2016
2016-04-26,N,00,0,{2016},{00},{2016},,,P,President,NNE,None,US,"GUILLAUME, GREGORY MARK",P60021128,2016
2016-03-16,N,00,0,{2016},{00},{2016},O,Open seat,P,President,IND,Independent,US,"PLOEGER, JEREMY LEE",P60020179,2016
2016-04-03,N,00,0,{2016},{00},{2016},,,P,President,REP,Republican Party,US,"ALVAREZ, KENNETH MR. JR.",P60020815,2016
2016-04-12,N,00,0,{2016},{00},{2016},,,P,President,LIB,Libertarian,US,"SHANNON, MICHAEL PATRICK",P60020948,2016
2016-03-16,N,00,0,{2016},{00},{2016},O,Open seat,P,President,IND,Independent,US,"GEIGER, MATTHEW",P60020278,2016
2016-02-17,N,00,0,{2016},{00},{2016},O,Open seat,P,President,REP,Republican Party,US,"IWACHIW, WALTER N",P00004846,2016
2016-03-16,N,00,0,{2016},{00},{2016},O,Open seat,P,President,IND,Independent,US,"GLASER, DANIEL G",P60020294,2016
2016-02-29,N,00,0,{2016},{00},{2016},O,Open seat,P,President,REP,Republican Party,US,"DUNBAR, MARK OWEN MR",P60019718,2016
2016-02-17,N,00,0,{2016},{00},{2016},O,Open seat,P,President,IND,Independent,US,"LUNGO, ROBERT FRANCIS",P60018504,2016
2016-04-10,N,00,0,{2016},{00},{2016},O,Open seat,P,President,GWP,George Wallace Party,US,"WARLORD STOCK, LUTHER T. THE MERCILESS LIEUTENANT RIDICULOUS",P60019445,2016
2016-02-29,N,00,0,{2016},{00},{2016},O,Open seat,P,President,IND,Independent,US,"ZELAYA, DANNY",P60019403,2016
2016-02-29,N,00,0,{2016},{00},{2016},O,Open seat,P,President,IND,Independent,US,"MCCALL, BENSON MR",P60019080,2016
2016-02-29,N,00,0,{2016},{00},{2016},O,Open seat,P,President,IND,Independent,US,"VAN DUREN, GABRIEL ELIAS",P60020047,2016
2016-02-17,N,00,0,{2016},{00},{2016},O,Open seat,P,President,COM,Communist Party,US,"TSE, FELIX MR.",P60018827,2016
2016-03-22,N,00,0,"{1996,2004,2016}","{00,00,00}","{1996,1998,2000,2002,2004,2006,2016}",O,Open seat,P,President,UNK,Unknown,US,"MOOREHEAD, MONICA GAIL",P60004405,2016
2016-03-30,N,00,0,{2016},{00},{2016},,,P,President,REP,Republican Party,US,"BEATTY, KEVIN WILLIAM",P60020765,2016
2016-04-14,N,00,0,{2016},{00},{2016},,,P,President,IND,Independent,US,"KOELLNER, ERIC A.",P60020997,2016
2016-02-17,N,00,0,{2016},{00},{2016},O,Open seat,P,President,W,WRITE-IN,US,"SAGARIBAY, JEREMY DIEGO MR.",P60018538,2016
2016-02-29,N,00,0,{2016},{00},{2016},O,Open seat,P,President,IND,Independent,US,"FRANZE, JOSEPH BRIAN",P60019593,2016
2016-03-03,N,00,0,{2016},{00},{2016},O,Open seat,P,President,CON,CONSTITUTION PARTY,US,"WOOLSEY, JAMES CURTIS",P60018900,2016
2016-05-12,N,00,0,{2016},{00},{2016},,,P,President,IND,Independent,US,"DUPUIS, RAYMOND LEE",P60021474,2016
2016-02-29,N,00,0,{2016},{00},{2016},O,Open seat,P,President,IND,Independent,US,"FLAHERTY, FINN MR.",P60019783,2016
2016-03-10,N,00,0,"{2008,2016}","{00,00}","{2008,2010,2012,2014,2016}",O,Open seat,P,President,DEM,Democratic Party,US,"BILLINGS-ELIAS, CHRISTINA GERASIMOS",P80004120,2016
2016-02-17,N,00,0,{2016},{00},{2016},O,Open seat,P,President,W,WRITE-IN,US,"BARBINE, MICHAEL W.",P60018702,2016
2016-03-18,N,00,0,{2016},{00},{2016},,,P,President,W,WRITE-IN,US,"POTATO, PAUL Y MR.",P60020609,2016
2016-05-09,N,00,0,{2016},{00},{2016},,,P,President,LIB,Libertarian,US,"BENTIVOLIO, KERRY",P60021359,2016
2016-03-26,N,00,0,{2016},{00},{2016},,,P,President,UNK,Unknown,US,"KAUFHOLD, LAWRENCE ROBERT ALPHA OMEGA",P60020732,2016
2016-02-29,N,00,0,{2016},{00},{2016},O,Open seat,P,President,W,WRITE-IN,US,"HYDROX, COOKIE",P60020005,2016
2016-02-17,N,00,0,{2016},{00},{2016},O,Open seat,P,President,OTH,Other,US,"ROBERTS, CLIFTON LEE MR.",P60017852,2016
2016-02-29,N,00,0,{2016},{00},{2016},O,Open seat,P,President,DEM,Democratic Party,US,"NEWMAN, DAN POE MR",P60019478,2016
2016-02-29,N,00,0,{2016},{00},{2016},O,Open seat,P,President,LIB,Libertarian,US,"CLEMENTS, THOMAS PATRICK",P60019890,2016
2016-04-26,N,00,0,{2016},{00},{2016},O,Open seat,P,President,W,WRITE-IN,US,"CEDENO, ALBERTO A1 MR.",P60018553,2016
2016-03-16,N,00,0,{2016},{00},{2016},O,Open seat,P,President,OTH,Other,US,"WYSINGER, DEMETRA JEFFERSON",P60020484,2016
2016-03-31,N,00,0,{2016},{00},{2016},,,P,President,IND,Independent,US,"SMITH, MICHAEL LYNN",P60020781,2016
2016-03-16,N,00,0,{2016},{00},{2016},O,Open seat,P,President,OTH,Other,US,"SINGLETON, MONROE PIERCE",P60020377,2016
2016-04-26,N,00,0,{2016},{00},{2016},O,Open seat,P,President,IND,Independent,US,"GOD, FOR PRESIDENT",P60019759,2016
2016-04-19,N,00,0,{2016},{00},{2016},O,Open seat,P,President,OTH,Other,US,"ADAMS III, PHILIP MONROE",P60019965,2016
2016-04-11,N,00,0,{2016},{00},{2016},,,P,President,REP,Republican Party,US,"AUBIN, MARK-CHRISTIAN ANTHONY MR",P60020906,2016
2016-04-22,C,00,0,{2016},{00},{2016},O,Open seat,P,President,IND,Independent,US,"DEPEW, JENNIFER ROBIN MS R.D.",P60019437,2016
2016-02-29,N,00,0,{2016},{00},{2016},O,Open seat,P,President,IND,Independent,US,"PATER, JEROEN",P60019148,2016
2016-04-22,C,00,0,{2016},{00},{2016},O,Open seat,P,President,NPA,NO PARTY AFFILIATION,US,"GEORGE, JEFF",P60019668,2016
2016-03-16,N,00,0,{2016},{00},{2016},O,Open seat,P,President,IND,Independent,US,"WATSON, ANTONIO SR",P60020435,2016
2016-02-29,N,00,0,{2016},{00},{2016},O,Open seat,P,President,OTH,Other,US,"BARZ, MICHAEL THOMAS MR.",P60019692,2016
2016-02-29,N,00,0,{2016},{00},{2016},O,Open seat,P,President,LIB,Libertarian,US,"NIKLAWSKI, ANDREW",P60018983,2016
2016-05-02,N,00,0,{2016},{00},{2016},,,P,President,REP,Republican Party,US,"HANCOCK, JONATHAN RAY 'JOHN'",P60021201,2016
2016-03-16,N,00,0,{2016},{00},{2016},O,Open seat,P,President,W,WRITE-IN,US,"CALDWELL, SCOTT PIPER LTC (R)",P60020187,2016
2016-05-04,N,00,0,{2016},{00},{2016},,,P,President,DEM,Democratic Party,US,"BARKE, JOSEPH ISAAC MR.",P60021300,2016
2016-02-29,N,00,0,{2016},{00},{2016},O,Open seat,P,President,REP,Republican Party,US,"WADE, ASHTON",P60019635,2016
2016-04-16,N,00,0,{2016},{00},{2016},,,P,President,DEM,Democratic Party,US,"LAWRENCE-OSORIO, NIISA",P60021037,2016
2016-02-17,N,00,0,{2016},{00},{2016},O,Open seat,P,President,DEM,Democratic Party,US,"DAVID, ABRAHAM JOSEPH MR",P60018843,2016
2016-02-29,N,00,0,{2016},{00},{2016},O,Open seat,P,President,AIC,American Independent Conservative-X,US,"MARADIANOS, PETE",P60019189,2016
2016-04-22,N,00,0,{2016},{00},{2016},,,P,President,CON,CONSTITUTION PARTY,US,"CASTLE, DARRELL LANE",P60021102,2016
2016-02-17,N,00,0,{2016},{00},{2016},O,Open seat,P,President,DEM,Democratic Party,US,"JACKSON, DENNY CARROLL",P60018611,2016
2016-02-29,N,00,0,{2016},{00},{2016},O,Open seat,P,President,NNE,None,US,"MORRIS, LAIO CHANTELLE",P60019114,2016
2016-05-11,N,00,0,{2016},{00},{2016},,,P,President,REP,Republican Party,US,"KNOLL, JOHN JR",P60021458,2016
2016-02-29,N,00,0,{2016},{00},{2016},O,Open seat,P,President,IND,Independent,US,"ADAMS, PAUL R",P60019304,2016
2016-03-16,N,00,0,{2016},{00},{2016},O,Open seat,P,President,IND,Independent,US,"ANGRA, KRISH",P60020112,2016
2016-03-04,N,00,0,{2016},{00},{2016},O,Open seat,P,President,REP,Republican Party,US,"NORWOOD, QUINON MARVIN MR. IV",P60018918,2016
2016-04-04,N,00,0,{2016},{00},{2016},,,P,President,LIB,Libertarian,US,"DUNHAM, KEENAN WALLACE",P60020831,2016
2016-02-29,N,00,0,{2016},{00},{2016},O,Open seat,P,President,FRE,FREEDOM PARTY,US,"LUCKETT, ANTHONY",P60019650,2016
2016-03-16,N,00,0,{2016},{00},{2016},O,Open seat,P,President,LIB,Libertarian,US,"ZEMAN, HEIDI KRISTEL UHLHORN O''BRIEN",P60020369,2016
2016-02-29,N,00,0,{2016},{00},{2016},O,Open seat,P,President,IDP,INDEPENDENCE PARTY,US,"CARREON, EMILIO",P60019296,2016
2016-05-11,N,00,0,{2016},{00},{2016},,,P,President,REP,Republican Party,US,"KNOLL, JACK",P60021441,2016
2016-02-29,N,00,0,{2016},{00},{2016},O,Open seat,P,President,IND,Independent,US,"OSTROW, BEN",P60019262,2016
2016-05-10,N,00,0,{2016},{00},{2016},,,P,President,REP,Republican Party,US,"LICE, SOME",P60021409,2016
2016-02-17,N,00,0,{2016},{00},{2016},O,Open seat,P,President,GRE,Green Party,US,"MOYOWASIFSA-CURRY, SEDINAM KINAMO CHRI",P60018801,2016
2016-05-05,N,00,0,"{2000,2016}","{00,00}","{2000,2016}",,,P,President,LIB,Libertarian,US,"GREENSTEIN, MARK STEWART",P00004424,2016
2016-04-28,N,00,0,{2016},{00},{2016},,,P,President,W,WRITE-IN,US,"PROCTOR, DONALD MR. JR.",P60021151,2016
2016-04-26,C,00,0,{2016},{00},{2016},,,P,President,IND,Independent,US,"SOOD, AJAY",P60020963,2016
2016-02-29,N,00,0,{2016},{00},{2016},O,Open seat,P,President,IND,Independent,US,"SPEARS, LINDA MARIMARIE",P60018942,2016
2016-03-16,N,00,0,{2016},{00},{2016},O,Open seat,P,President,CST,Constitutional,US,"HALL JR, THO D.",P60020229,2016
2016-05-06,N,00,0,{2016},{00},{2016},,,P,President,NNE,None,US,"DRACULEA, VLAD BESERIUS",P60021334,2016
2016-02-29,N,00,0,{2016},{00},{2016},O,Open seat,P,President,DEM,Democratic Party,US,"KENNELLY, KRISTEN",P60019619,2016
2016-05-10,N,00,0,{2016},{00},{2016},,,P,President,LIB,Libertarian,US,"GANSEN, CHRISTOPHER JOHN",P60021342,2016
2016-02-29,N,00,0,{2016},{00},{2016},O,Open seat,P,President,DEM,Democratic Party,US,"HAWES, CALVIS L",P60019106,2016
2016-02-17,N,00,0,{2016},{00},{2016},O,Open seat,P,President,REP,Republican Party,US,"MORRISSEY, JOHN FRENCH MR.",P60018496,2016
2016-02-29,N,00,0,{2016},{00},{2016},O,Open seat,P,President,IND,Independent,US,"HOPKINS, RICHARD PAUL",P60019973,2016
2016-02-29,N,00,0,{2016},{00},{2016},O,Open seat,P,President,OTH,Other,US,"SHWARTZ, FELIPE",P60019544,2016
2016-04-07,N,00,0,{2016},{00},{2016},O,Open seat,P,President,IND,Independent,US,"SMITH, WILLIAM ROGER",P60018769,2016
2016-03-16,N,00,0,{2016},{00},{2016},O,Open seat,P,President,IND,Independent,US,"MACY, EDWARD MR",P60020427,2016
2016-02-29,N,00,0,{2016},{00},{2016},O,Open seat,P,President,DEM,Democratic Party,US,"MCDOWELL, ALYSSA DARA MS.",P60019130,2016
2016-04-07,N,00,0,{2016},{00},{2016},,,P,President,DEM,Democratic Party,US,"ARENA, ROBERT JOSEPH MR. JR.",P60020898,2016
2016-02-29,N,00,0,{2016},{00},{2016},O,Open seat,P,President,DEM,Democratic Party,US,"GRAY-OR ELSE JUST HOSANNA, JESSE OLIVE",P60019841,2016
2016-05-12,N,00,0,{2016},{00},{2016},,,P,President,W,WRITE-IN,US,"DOUCETTE, DAVID LEE",P60021466,2016
2016-03-16,N,00,0,{2016},{00},{2016},O,Open seat,P,President,W,WRITE-IN,US,"RODNE, ERIK J.",P60020252,2016
2016-02-29,N,00,0,{2016},{00},{2016},O,Open seat,P,President,DEM,Democratic Party,US,"THOMAS, MARY MS",P60019940,2016
2016-03-16,N,00,0,{2016},{00},{2016},O,Open seat,P,President,VET,VETERANS PARTY,US,"MITRO, CHRISTOPHER FRANCIS",P60020385,2016
2016-03-26,N,00,0,{2016},{00},{2016},,,P,President,OTH,Other,US,"KELLEY, DAVID",P60020724,2016
2016-02-29,N,00,0,{2016},{00},{2016},O,Open seat,P,President,IND,Independent,US,"SUDDUTH, PAUL ALLEN MR. II",P60019072,2016
2016-02-29,N,00,0,{2016},{00},{2016},O,Open seat,P,President,IND,Independent,US,"NAYLOR, KATIE D",P60019213,2016
2016-03-22,N,00,0,{2016},{00},{2016},,,P,President,LIB,Libertarian,US,"ABLO, ANDY",P60020690,2016
2016-02-29,N,00,0,{2016},{00},{2016},O,Open seat,P,President,IND,Independent,US,"FAMILONI, TAIWO JACOB",P60019361,2016
2016-02-17,N,00,0,{2016},{00},{2016},O,Open seat,P,President,AIP,American Independent Party,US,"HARRIS, ARTHUR MICHAEL",P60018520,2016
2016-05-06,N,00,0,{2016},{00},{2016},O,Open seat,P,President,REP,Republican Party,US,"LOWE, DONALD EUGENE",P60006426,2016
2016-02-17,N,00,0,"{1980,1984,1988,1992,2000,2004,2008,2012,2016}","{00,00,00,00,00,00,00,00,00}","{1980,1982,1984,1986,1988,1990,1992,1994,1996,1998,2000,2002,2004,2006,2008,2010,2012,2014,2016}",O,Open seat,P,President,NNE,None,US,"CARROLL, JERRY LEON",P00000679,2016
2016-02-17,N,00,0,"{2000,2004,2008,2016}","{00,00,00,00}","{1998,2000,2002,2004,2006,2008,2014,2016}",O,Open seat,P,President,OTH,Other,US,"WELLS, THOMAS BAXTER",P00003160,2016
2016-02-17,N,00,0,"{2000,2004,2016}","{00,00,00}","{1998,2000,2002,2004,2006,2008,2014,2016}",O,Open seat,P,President,DEM,Democratic Party,US,"WINTERBOTTOM, THOMAS FRANCIS",P00003244,2016
2016-02-17,C,00,0,"{2008,2016}","{00,00}","{2008,2010,2012,2014,2016}",O,Open seat,P,President,DEM,Democratic Party,US,"CLINTON, HILLARY RODHAM",P00003392,2016
2016-02-17,N,00,0,"{2000,2004,2008,2012,2016}","{00,00,00,00,00}","{2000,2002,2004,2006,2008,2010,2012,2014,2016}",O,Open seat,P,President,DEM,Democratic Party,US,"ASHE, WARREN RODERICK ",P00003715,2016
2016-02-17,N,00,0,"{2000,2016}","{00,00}","{2000,2002,2004,2006,2016}",O,Open seat,P,President,IND,Independent,US,"WALLACE, WILLIAM LEONARD",P00003897,2016
2016-02-17,C,00,0,"{2000,2004,2008,2012,2016}","{00,00,00,00,00}","{2000,2002,2004,2006,2008,2010,2012,2014,2016}",O,Open seat,P,President,UNK,Unknown,US,"SCHRINER, JOSEPH CHARLES",P00003962,2016
2016-02-17,C,00,0,{2016},{00},"{2014,2016}",O,Open seat,P,President,NNE,None,US,"BROWN, HARLEY D",P00004275,2016
2016-02-17,N,00,0,"{2016,2020}","{00,00}","{2014,2016}",O,Open seat,P,President,REP,Republican Party,US,"BICKELMEYER, MICHAEL",P00004861,2020
2016-02-17,N,00,0,"{1992,1996,2000,2004,2008,2012,2016}","{00,00,00,00,00,00,00}","{1988,1990,1992,1994,1996,1998,2000,2002,2004,2006,2008,2010,2012,2014,2016}",C,Challenger,P,President,REP,Republican Party,US,"FELLURE, LOWELL JACKSON",P20000089,2016
2016-02-17,N,00,0,"{1992,2016}","{00,00}","{1992,1994,1996,1998,2000,2016}",O,Open seat,P,President,IND,Independent,US,"WORTHY, HOWARD",P20000444,2016
2016-02-17,,00,0,"{1992,1996,2000,2004,2008,2016}","{00,00,00,00,00,00}","{1992,1994,1996,1998,2000,2002,2004,2006,2008,2016}",O,Open seat,P,President,REP,Republican Party,US,"HOWARD, MILDRED (MILLIE)",P20000550,2016
2016-02-17,N,00,0,"{2004,2008,2012,2016}","{00,00,00,00}","{2002,2004,2006,2008,2010,2012,2014,2016}",O,Open seat,P,President,IND,Independent,US,"LEE, ROBERT",P20001905,2016
2016-02-17,N,00,0,"{2012,2016}","{00,00}","{2010,2012,2014,2016}",O,Open seat,P,President,REP,Republican Party,US,"RUNDBERG, JIM L",P20002051,2016
2016-03-09,N,00,0,"{2012,2016}","{00,00}","{2010,2012,2014,2016}",O,Open seat,P,President,DEM,Democratic Party,US,"SINGLETON, KEITH",P20002101,2016
2016-02-17,N,00,0,"{2012,2016}","{00,00}","{2010,2012,2016}",O,Open seat,P,President,IND,Independent,US,"NEVEU, DEONIA P",P20002176,2016
2016-02-17,N,00,0,"{2012,2016}","{00,00}","{2012,2014,2016}",O,Open seat,P,President,IND,Independent,US,"WILLIAMS, KENT LIONEL",P20002283,2016
2016-02-17,N,00,0,"{2012,2016}","{00,00}","{2012,2014,2016}",O,Open seat,P,President,NNE,None,US,"DENAME, MICHAEL JR",P20002440,2016
2016-02-17,N,00,0,"{2012,2016}","{00,00}","{2012,2014,2016}",O,Open seat,P,President,DEM,Democratic Party,US,"RAMOS, LUIS ALBERTO JR",P20002481,2016
2016-02-17,N,00,0,"{2012,2016}","{00,00}","{2012,2014,2016}",O,Open seat,P,President,REP,Republican Party,US,"DUMMETT, JOHN ALBERT JR",P20002499,2016
2016-02-17,N,00,0,"{2012,2016}","{00,00}","{2012,2014,2016}",O,Open seat,P,President,IND,Independent,US,"CHEHADE, PAUL",P20002580,2016
2016-02-17,N,00,0,"{2012,2016}","{00,00}","{2012,2014,2016}",O,Open seat,P,President,IND,Independent,US,"TITTLE, SHEILA ""SAMM""",P20002630,2016
2016-04-22,C,00,0,"{2012,2016}","{00,00}","{2012,2014,2016}",O,Open seat,P,President,REP,Republican Party,US,"JOHNSON, GARY",P20002671,2016
2016-02-17,C,00,0,"{2012,2016}","{00,00}","{2012,2014,2016}",O,Open seat,P,President,REP,Republican Party,US,"SANTORUM, RICHARD J.",P20002721,2016
2016-02-17,C,00,0,"{2012,2016}","{00,00}","{2012,2014,2016}",O,Open seat,P,President,REP,Republican Party,US,"HILL, CHRISTOPHER V",P20002838,2016
2016-02-17,N,00,0,"{2012,2016}","{00,00}","{2012,2014,2016}",O,Open seat,P,President,REP,Republican Party,US,"HUNT, EUGENE ROSELL JR",P20002861,2016
2013-01-08,N,00,0,"{2012,2016}","{00,00}","{2012,2014}",O,Open seat,P,President,DEM,Democratic Party,US,"DAY, TIM (TEXAS SLIM)",P20002929,2016
2016-02-17,N,00,0,"{2012,2016}","{00,00}","{2012,2014,2016}",O,Open seat,P,President,DEM,Democratic Party,US,"POWERS, C",P20002986,2016
2016-02-17,N,00,0,"{2012,2016}","{00,00}","{2012,2014,2016}",O,Open seat,P,President,DEM,Democratic Party,US,"LAX MILLER, LORETTA",P20003042,2016
2016-02-17,N,00,0,"{2012,2016}","{00,00}","{2012,2014,2016}",O,Open seat,P,President,OTH,Other,US,"FERGUSON, JOHN GREEN",P20003141,2016
2016-02-17,N,00,0,"{2012,2016}","{00,00}","{2012,2014,2016}",O,Open seat,P,President,NNE,None,US,"STAINFIELD, TAMI L",P20003158,2016
2016-02-17,N,00,0,"{2012,2016}","{00,00}","{2012,2014,2016}",O,Open seat,P,President,OTH,Other,US,"SPONHEIM, DAVID JON",P20003174,2016
2016-04-21,N,00,0,"{2012,2016}","{00,00}","{2012,2014,2016}",C,Challenger,P,President,REP,Republican Party,US,"STAGG, SILVIA",P20003216,2016
2016-02-17,C,00,0,"{2012,2016}","{00,00}","{2012,2014,2016}",O,Open seat,P,President,REP,Republican Party,US,"PERRY, JAMES R (RICK)",P20003281,2016
2016-02-17,N,00,0,"{2012,2016}","{00,00}","{2012,2014,2016}",O,Open seat,P,President,DEM,Democratic Party,US,"JUDY, CODY ROBERT",P20003372,2016
2016-02-17,N,00,0,"{2012,2016}","{00,00}","{2012,2014,2016}",O,Open seat,P,President,REP,Republican Party,US,"STRICKLAND, TIMMY WAYNE",P20003604,2016
2016-02-17,N,00,0,"{2012,2016}","{00,00}","{2012,2014,2016}",O,Open seat,P,President,REP,Republican Party,US,"LOPEZ, AURORA",P20003612,2016
2016-02-17,N,00,0,"{2012,2016}","{00,00}","{2012,2014,2016}",O,Open seat,P,President,IND,Independent,US,"STORY, RICKEY JOE",P20003653,2016
2016-02-17,N,00,0,"{2012,2016}","{00,00}","{2012,2014,2016}",O,Open seat,P,President,DEM,Democratic Party,US,"SWANSON, KARIN LYNN",P20003711,2016
2016-02-17,N,00,0,"{2012,2014,2016}","{00,00,00}","{2012,2014,2016}",O,Open seat,P,President,CON,CONSTITUTION PARTY,US,"ELGAR, MISS BETSY PAULINE",P20003851,2016
2016-02-17,N,00,0,"{2012,2016}","{00,00}","{2012,2014,2016}",O,Open seat,P,President,NPA,NO PARTY AFFILIATION,US,"JONES, TERRY DR",P20003877,2016
2016-02-17,N,00,0,"{2012,2016}","{00,00}","{2012,2014,2016}",O,Open seat,P,President,IND,Independent,US,"GLORE, TODD RICHARD",P20003901,2016
2016-02-17,N,00,0,"{2012,2016}","{00,00}","{2012,2014,2016}",O,Open seat,P,President,REP,Republican Party,US,"LAWSON, EDGAR A",P20003950,2016
2016-02-17,C,00,0,"{2012,2016}","{00,00}","{2012,2014,2016}",O,Open seat,P,President,GRE,Green Party,US,"STEIN, JILL",P20003984,2016
2016-02-17,C,00,0,"{2012,2016}","{00,00}","{2012,2014,2016}",O,Open seat,P,President,DEM,Democratic Party,US,"WELLS, ROBERT CARR JR",P20004065,2016
2016-03-16,N,00,0,"{2012,2016}","{00,00}","{2012,2014,2016}",O,Open seat,P,President,NNE,None,US,"CHRISTENSON, DAVID ANDREW",P20004081,2016
2016-02-17,N,00,0,"{2012,2016}","{00,00}","{2012,2014,2016}",O,Open seat,P,President,IND,Independent,US,"WHEELOCK, TERRY WAYNE",P20004099,2016
2016-02-17,N,00,0,{2016},{00},"{2014,2016}",O,Open seat,P,President,IND,Independent,US,"MENARD, ROLAND DURPHY III",P20004297,2016
2016-02-17,N,00,0,"{2012,2016}","{00,00}","{2012,2014,2016}",O,Open seat,P,President,REP,Republican Party,US,"JULIUS, TYRONE ",P20004446,2016
2016-02-17,N,00,0,{2016},{00},{2016},O,Open seat,P,President,IND,Independent,US,"STONE, DR DAMIAN",P20004503,2016
2016-04-21,N,00,0,"{2012,2016}","{00,00}","{2012,2014,2016}",O,Open seat,P,President,DEM,Democratic Party,US,"SLOAN, SAM",P20004537,2016
2016-02-17,N,00,0,"{2012,2016}","{00,00}","{2012,2014,2016}",O,Open seat,P,President,UNK,Unknown,US,"BAKER, JACOB",P20004586,2016
2016-02-17,N,00,0,"{2012,2016}","{00,00}","{2012,2014,2016}",O,Open seat,P,President,IND,Independent,US,"HOLCOMB, DAVID CHRISTOPHER",P20004719,2016
2016-02-17,N,00,0,"{2012,2016}","{00,00}","{2012,2014,2016}",O,Open seat,P,President,OTH,Other,US,"JACOB-FAMBRO, PRINCESS KHADIJAH M PRES",P20004768,2016
2016-02-29,N,00,0,"{2012,2016}","{00,00}","{2012,2014,2016}",O,Open seat,P,President,IND,Independent,US,"SANDERA, ROBERT WILLIAM",P20004909,2016
2016-02-17,N,00,0,{2016},{00},"{2012,2014,2016}",O,Open seat,P,President,DEM,Democratic Party,US,"SHREFFLER, DOUG",P20005229,2016
2016-02-17,N,00,0,"{1984,1992,1996,2000,2004,2007,2008,2012,2016}","{00,00,00,00,00,00,00,00,00}","{1982,1984,1986,1988,1992,1994,1996,1998,2000,2002,2004,2006,2008,2010,2012,2014,2016}",O,Open seat,P,President,DEM,Democratic Party,US,"OGIN, FREDERICK EUGENE",P40000382,2016
2016-02-17,C,00,0,"{1984,1992,2000,2016}","{00,00,00,00}","{1984,1992,1994,1996,1998,2000,2016}",O,Open seat,P,President,GRE,Green Party,US,"KREML, WILLIAM P",P40000564,2016
2016-02-17,N,00,0,{2016},{00},"{2014,2016}",O,Open seat,P,President,REP,Republican Party,US,"MCDOWELL, EDDIE",P40000820,2016
2016-02-17,N,00,0,"{2004,2016}","{00,00}","{2004,2006,2016}",O,Open seat,P,President,DEM,Democratic Party,US,"MOLLENHOUR, GRADY DEAN REV JR",P40002446,2016
2016-02-29,N,00,0,"{2004,2012,2016}","{00,00,00}","{2004,2006,2008,2010,2012,2014,2016}",O,Open seat,P,President,GRE,Green Party,US,"MESPLAY, KENT PHILIP",P40003279,2016
2016-02-17,N,00,0,"{2004,2008,2012,2016}","{00,00,00,00}","{2004,2006,2008,2010,2012,2014,2016}",O,Open seat,P,President,OTH,Other,US,"ROSENBERGER, PAUL RUSSELL",P40003329,2016
2016-02-17,C,00,0,{2016},{00},{2016},O,Open seat,P,President,REP,Republican Party,US,"PAUL, RAND",P40003576,2016
2016-02-17,N,00,0,{2016},{00},"{2014,2016}",O,Open seat,P,President,REP,Republican Party,US,"CAVANAGH, ERIC SCOTT",P40003584,2016
2016-02-17,N,00,0,{2016},{00},"{2014,2016}",O,Open seat,P,President,UNK,Unknown,US,"DEAN, DANIEL LANE",P40003592,2016
2016-02-17,N,00,0,{2016},{00},"{2014,2016}",O,Open seat,P,President,OTH,Other,US,"ALLEN, JAMES PRESSLEY",P40003600,2016
2016-02-17,N,00,0,"{1996,2000,2012,2016}","{00,00,00,00}","{1994,1996,1998,2000,2002,2004,2012,2014,2016}",O,Open seat,P,President,UNK,Unknown,US,"JENKINS, MICHAEL DWAYNE",P60002086,2016
2016-02-17,N,00,0,"{1996,2000,2008,2016}","{00,00,00,00}","{1994,1996,1998,2006,2014,2016}",O,Open seat,P,President,NNE,None,US,"JEWELL, ROGER HENRY",P60002458,2016
2016-02-17,N,00,0,"{1996,2016}","{00,00}","{1994,1996,1998,2014,2016}",O,Open seat,P,President,REP,Republican Party,US,"BROWN, SAMMY MUREL",P60002771,2016
2016-02-17,N,00,0,"{1996,2000,2004,2008,2012,2016}","{00,00,00,00,00,00}","{1994,1996,1998,2000,2002,2004,2006,2008,2010,2012,2014,2016}",O,Open seat,P,President,REP,Republican Party,US,"KALEMKARIAN, TIMOTHY CHARLES",P60003175,2016
2016-02-17,C,00,0,"{2000,2016}","{00,00}","{2000,2006,2016}",O,Open seat,P,President,REP,Republican Party,US,"KASICH, JOHN R",P60003670,2016
2016-02-17,N,00,0,"{1996,2016}","{00,00}","{1996,1998,2000,2016}",O,Open seat,P,President,OTH,Other,US,"CVOROVIC, JANKA",P60003688,2016
2008-12-18,N,00,0,{2016},{00},"{2008,2010}",C,Challenger,P,President,REP,Republican Party,US,"LAROSE, JOSUE",P60004777,2016
2016-02-17,N,00,0,{2016},{00},"{2010,2012,2014,2016}",O,Open seat,P,President,REP,Republican Party,US,"COLE, BRIAN ARI DR",P60004785,2016
2016-02-17,C,00,0,"{2012,2016}","{00,00}","{2010,2012,2014,2016}",O,Open seat,P,President,REP,Republican Party,US,"ADESHINA, YINKA ABOSEDE",P60004793,2016
2016-02-17,N,00,0,{2016},{00},"{2012,2014,2016}",O,Open seat,P,President,IND,Independent,US,"JACOBSON, STEVEN D",P60004801,2016
2016-02-17,N,00,0,{2016},{00},"{2012,2014,2016}",O,Open seat,P,President,REP,Republican Party,US,"KINLAW, MICHAEL WAYNE",P60004819,2016
2016-04-26,N,00,0,{2016},{00},{2016},O,Open seat,P,President,NNE,None,US,"ZEIGER, CHARLES EDWIN",P60004850,2016
2016-02-17,N,00,0,{2016},{00},"{2014,2016}",O,Open seat,P,President,REP,Republican Party,US,"STEVENS, SHERLENE",P60004884,2016
2016-02-17,C,00,0,{2016},{00},"{2014,2016}",O,Open seat,P,President,REP,Republican Party,US,"JEROBOAN, KINS",P60004900,2016
2016-02-17,N,00,0,{2016},{00},"{2014,2016}",O,Open seat,P,President,OTH,Other,US,"TAPE , PAUL EDWARD JR",P60004918,2016
2016-02-17,N,00,0,{2016},{00},"{2014,2016}",O,Open seat,P,President,REP,Republican Party,US,"CROTZER, EZEKIEL GEORGE",P60004934,2016
2016-02-17,N,00,0,{2016},{00},"{2014,2016}",O,Open seat,P,President,REP,Republican Party,US,"RUSSELL, BRIAN PATRICK KETTERER",P60004942,2016
2016-02-17,N,00,0,{2016},{00},"{2014,2016}",O,Open seat,P,President,IND,Independent,US,"LLOYD, JUNE LA'GAY",P60004991,2016
2016-02-17,N,00,0,{2016},{00},"{2014,2016}",O,Open seat,P,President,IND,Independent,US,"HENDRIX, DAVID QUINN",P60005006,2016
2016-02-17,N,00,0,{2016},{00},"{2014,2016}",O,Open seat,P,President,UNK,Unknown,US,"DILLON, STEVE ALLEN",P60005022,2016
2016-02-17,N,00,0,{2016},{00},"{2014,2016}",O,Open seat,P,President,IND,Independent,US,"JOHNSON, BARRY L",P60005048,2016
2016-02-17,C,00,0,{2016},{00},"{2014,2016}",O,Open seat,P,President,DEM,Democratic Party,US,"STEINBERG, MICHAEL ALAN",P60005055,2016
2016-02-17,N,00,0,{2016},{00},"{2014,2016}",O,Open seat,P,President,IND,Independent,US,"HUBBELL, MICHAEL WAYNE",P60005071,2016
2016-02-17,N,00,0,{2016},{00},"{2014,2016}",O,Open seat,P,President,REP,Republican Party,US,"LEONARD, JERRY L",P60005089,2016
2016-02-17,N,00,0,{2016},{00},"{2014,2016}",O,Open seat,P,President,IND,Independent,US,"DUTTER, MARK JOSEPH",P60005105,2016
2016-02-17,N,00,0,{2016},{00},"{2014,2016}",O,Open seat,P,President,DEM,Democratic Party,US,"SOPKOVICH, NICHOLAS ALEXANDER",P60005113,2016
2016-02-17,N,00,0,{2016},{00},"{2014,2016}",O,Open seat,P,President,REP,Republican Party,US,"ALLEN-REESE, POGO MOCHELLO",P60005121,2016
2016-02-17,N,00,0,{2016},{00},"{2014,2016}",O,Open seat,P,President,NNE,None,US,"CAMPBELL, JOHNNIE C",P60005147,2016
2016-02-17,N,00,0,{2016},{00},"{2014,2016}",O,Open seat,P,President,DEM,Democratic Party,US,"CLARK, BRITTANY LAUREN",P60005154,2016
2016-02-17,N,00,0,{2016},{00},"{2014,2016}",O,Open seat,P,President,REP,Republican Party,US,"DEBOW, MR PAUL W",P60005162,2016
2016-02-17,N,00,0,{2016},{00},{2016},O,Open seat,P,President,REP,Republican Party,US,"SCHIESS, JOHN T",P60005170,2016
2016-02-17,N,00,0,{2016},{00},"{2014,2016}",O,Open seat,P,President,IND,Independent,US,"CANNADAY, PAUL BENJAMIN-DIELMAN",P60005188,2016
2016-02-17,N,00,0,{2016},{00},"{2014,2016}",O,Open seat,P,President,UNK,Unknown,US,"WALKER, DORIS V",P60005196,2016
2016-02-17,N,00,0,{2016},{00},"{2014,2016}",O,Open seat,P,President,DEM,Democratic Party,US,"WILLIAMS, ELAINE WHIGHAM",P60005204,2016
2016-02-29,C,00,0,{2016},{00},"{2014,2016}",O,Open seat,P,President,LIB,Libertarian,US,"LOWER, BARTHOLOMEW JAMES MR.",P60005253,2016
2016-02-17,N,00,0,{2016},{00},{2016},O,Open seat,P,President,REP,Republican Party,US,"JUSTICE, BRENDA DAWN",P60005261,2016
2016-02-17,C,00,0,{2016},{00},{2016},O,Open seat,P,President,REP,Republican Party,US,"BOWERS, KERRY DALE",P60005279,2016
2016-02-22,N,00,0,{2016},{00},"{2014,2016}",O,Open seat,P,President,NNE,None,US,"LAW, JAMES T",P60005287,2016
2016-02-17,N,00,0,{2016},{00},"{2014,2016}",O,Open seat,P,President,IND,Independent,US,"FOX, CHERUNDA LYNN",P60005303,2016
2016-02-17,N,00,0,{2016},{00},"{2014,2016}",O,Open seat,P,President,DEM,Democratic Party,US,"WILLS, KRYSTIN ALEXIS",P60005329,2016
2016-02-17,C,00,0,{2016},{00},"{2014,2016}",O,Open seat,P,President,REP,Republican Party,US,"SHERMAN, JEFFERSON WOODSON",P60005345,2016
2016-02-17,N,00,0,{2016},{00},"{2014,2016}",O,Open seat,P,President,REP,Republican Party,US,"FARBER, STUART ROSS",P60005352,2016
2016-02-17,N,00,0,{2016},{00},"{2014,2016}",O,Open seat,P,President,IND,Independent,US,"MEI, RUBY",P60005394,2016
2016-02-17,N,00,0,{2016},{00},{2016},O,Open seat,P,President,DEM,Democratic Party,US,"ARMSTRONG, BRANDON CHRISTINA",P60005402,2016
2014-08-06,N,00,0,{2016},{00},{2014},,,P,President,REP,Republican Party,US,"MARKOVICH, BARBARA MAE ADAMS",P60005410,2016
2016-02-17,N,00,0,{2016},{00},"{2014,2016}",O,Open seat,P,President,NNE,None,US,"BAKER, EDWARD LANE",P60005428,2016
2016-02-17,N,00,0,{2016},{00},"{2014,2016}",O,Open seat,P,President,OTH,Other,US,"RAVISHANKER, DINESH",P60005477,2016
2016-02-17,N,00,0,{2016},{00},"{2014,2016}",O,Open seat,P,President,IND,Independent,US,"SMITH, SCOTT ANDREW",P60005493,2016
2016-02-17,C,00,0,{2016},{00},"{2014,2016}",O,Open seat,P,President,REP,Republican Party,US,"CHRISTENSEN, DALE H",P60005501,2016
2016-02-17,N,00,0,{2016},{00},"{2014,2016}",O,Open seat,P,President,DEM,Democratic Party,US,"PAVILACK, HARRY",P60005519,2016
2016-02-17,N,00,0,{2016},{00},"{2014,2016}",O,Open seat,P,President,DEM,Democratic Party,US,"EMRIT, RONALD SATISH",P60005535,2016
2016-02-17,N,00,0,{2016},{00},"{2014,2016}",O,Open seat,P,President,IND,Independent,US,"ALDRIDGE, ROBERT FRANK",P60005543,2016
2016-02-17,N,00,0,{2016},{00},"{2014,2016}",O,Open seat,P,President,IND,Independent,US,"BOLAR, SHELIA MARIAH",P60005550,2016
2016-02-17,N,00,0,{2016},{00},"{2014,2016}",O,Open seat,P,President,NNE,None,US,"WOOD, JOHN JOSEPH",P60005568,2016
2016-02-17,N,00,0,{2016},{00},{2016},O,Open seat,P,President,DEM,Democratic Party,US,"HODGE, CHARLES JUNIOR",P60005584,2016
2016-02-17,N,00,0,{2016},{00},"{2014,2016}",O,Open seat,P,President,REP,Republican Party,US,"ANDREWS, CHARLES PERRY III",P60005592,2016
2016-02-17,N,00,0,{2016},{00},"{2014,2016}",O,Open seat,P,President,NNE,None,US,"BLASS, PIOTR DR",P60005618,2016
2016-02-17,N,00,0,{2016},{00},"{2014,2016}",O,Open seat,P,President,REP,Republican Party,US,"PETER, RICHARD",P60005634,2016
2016-02-17,N,00,0,{2016},{00},"{2014,2016}",O,Open seat,P,President,DEM,Democratic Party,US,"BONPASSE, MORRISON MCKELVY",P60005642,2016
2016-02-17,N,00,0,{2016},{00},"{2014,2016}",O,Open seat,P,President,DEM,Democratic Party,US,"CAFFREY, ANDREW AUGUSTINE IV",P60005683,2016
2016-02-17,C,00,0,{2016},{00},{2016},O,Open seat,P,President,REP,Republican Party,US,"DUCKWALD, WANDA GAYLE",P60005709,2016
2016-02-17,N,00,0,{2016},{00},{2016},O,Open seat,P,President,IND,Independent,US,"LEWIS JR, JULIAN BISHOP",P60005717,2016
2016-02-17,N,00,0,{2016},{00},{2016},O,Open seat,P,President,LIB,Libertarian,US,"FELDMAN, MARC ALLAN",P60005725,2016
2016-02-17,N,00,0,{2016},{00},{2016},O,Open seat,P,President,UNK,Unknown,US,"SHO, MUHAMMAD",P60005733,2016
2016-02-17,N,00,0,{2016},{00},{2016},O,Open seat,P,President,IND,Independent,US,"HILL, PHILLIP KENNETH SR",P60005758,2016
2016-02-17,N,00,0,{2016},{00},{2016},O,Open seat,P,President,GRE,Green Party,US,"BUSH, WILLITA D",P60005766,2016
2016-02-17,N,00,0,{2016},{00},{2016},O,Open seat,P,President,UNK,Unknown,US,"SCARBOROUGH, LARRY D",P60005774,2016
2016-02-17,N,00,0,{2016},{00},{2016},O,Open seat,P,President,REP,Republican Party,US,"DUKE, RONALD",P60005782,2016
2016-02-17,N,00,0,{2016},{00},{2016},O,Open seat,P,President,AIP,American Independent Party,US,"SPEARS, ALAN ERROL ESQ.",P60005790,2016
2016-02-17,N,00,0,{2016},{00},{2016},O,Open seat,P,President,IND,Independent,US,"KAHN, LYNN SANDRA",P60005808,2016
2016-02-17,N,00,0,{2016},{00},{2016},O,Open seat,P,President,LIB,Libertarian,US,"PRUITT, WILLIAM JASON MR.",P60005824,2016
2016-02-17,N,00,0,{2016},{00},{2016},O,Open seat,P,President,IND,Independent,US,"REEDY, DARWIN MISHA ROSE",P60005832,2016
2016-02-17,N,00,0,{2016},{00},{2016},O,Open seat,P,President,OTH,Other,US,"RAPHAEL, DAVID MD",P60005865,2016
2016-02-17,N,00,0,{2016},{00},{2016},O,Open seat,P,President,IND,Independent,US,"FLEMING-HODGE, LORI LYNN",P60005907,2016
2016-02-17,C,00,0,{2016},{00},{2016},O,Open seat,P,President,REP,Republican Party,US,"CARSON, BENJAMIN S SR MD",P60005915,2016
2016-02-17,N,00,0,{2016},{00},{2016},O,Open seat,P,President,IND,Independent,US,"BUTTOCKS, SYDNEYS VOLUPTOUS",P60005931,2016
2016-02-17,N,00,0,{2016},{00},{2016},O,Open seat,P,President,IND,Independent,US,"HAHN, MARTIN",P60005949,2016
2016-02-17,N,00,0,{2016},{00},{2016},O,Open seat,P,President,DEM,Democratic Party,US,"MICHAELS, DANIEL TRAVIS",P60005964,2016
2016-02-17,C,00,0,{2016},{00},{2016},O,Open seat,P,President,REP,Republican Party,US,"EVERSON, MARK",P60005972,2016
2016-02-17,N,00,0,{2016},{00},{2016},O,Open seat,P,President,REP,Republican Party,US,"MITCHELL, JAMES CREIGHTON MR JR",P60006012,2016
2016-02-22,C,00,0,{2016},{00},{2016},O,Open seat,P,President,REP,Republican Party,US,"WALKER, SCOTT",P60006046,2016
2016-02-17,N,00,0,{2016},{00},{2016},O,Open seat,P,President,OTH,Other,US,"GIVIDEN, KENN",P60006061,2016
2016-02-17,C,00,0,{2016},{00},{2016},O,Open seat,P,President,REP,Republican Party,US,"CRUZ, RAFAEL EDWARD ""TED""",P60006111,2016
2016-02-17,N,00,0,{2016},{00},{2016},O,Open seat,P,President,NPA,NO PARTY AFFILIATION,US,"SHEPARD, RYAN W MR.",P60006152,2016
2016-02-17,N,00,0,{2016},{00},{2016},O,Open seat,P,President,DEM,Democratic Party,US,"RHODES, LEE",P60006160,2016
2016-02-17,N,00,0,{2016},{00},{2016},O,Open seat,P,President,OTH,Other,US,"FANNING, CHARLES RAYMOND",P60006194,2016
2016-02-17,N,00,0,{2016},{00},{2016},O,Open seat,P,President,OTH,Other,US,"IRWIN, THOMAS J",P60006210,2016
2016-02-17,N,00,0,{2016},{00},{2016},O,Open seat,P,President,REP,Republican Party,US,"CASTLEBERRY, FRANCIS RAYMOND",P60006236,2016
2016-04-20,N,00,0,{2016},{00},{2016},O,Open seat,P,President,DEM,Democratic Party,US,"QUARTEY, MARY AKU",P60006244,2016
2016-02-17,N,00,0,{2016},{00},{2016},O,Open seat,P,President,LIB,Libertarian,US,"INCE, CECIL ANTHONY",P60006277,2016
2016-02-17,N,00,0,{2016},{00},{2016},O,Open seat,P,President,NNE,None,US,"PICA, LOUIS S",P60006285,2016
2016-02-17,N,00,0,{2016},{00},{2016},O,Open seat,P,President,OTH,Other,US,"CAPONE, DEAN ALAN MR.",P60006293,2016
2016-02-17,N,00,0,{2016},{00},{2016},O,Open seat,P,President,NPA,NO PARTY AFFILIATION,US,"BREYFOGLE, PETER HOWARD MR",P60006319,2016
2016-02-17,N,00,0,{2016},{00},{2016},O,Open seat,P,President,W,WRITE-IN,US,"OLEYAR, JEFFREY M",P60006327,2016
2016-02-17,N,00,0,{2016},{00},{2016},O,Open seat,P,President,OTH,Other,US,"REED, C C",P60006368,2016
2016-02-17,N,00,0,{2016},{00},{2016},O,Open seat,P,President,DEM,Democratic Party,US,"KAMINSKY, GLENN MR.",P60006418,2016
2016-02-17,N,00,0,{2016},{00},{2016},O,Open seat,P,President,IND,Independent,US,"HOWARD, WILLIAM BURN MR",P60006517,2016
2016-02-17,N,00,0,{2016},{00},{2016},O,Open seat,P,President,IND,Independent,US,"FOSTER, GREGORY A",P60006525,2016
2016-02-17,N,00,0,{2016},{00},{2016},O,Open seat,P,President,IND,Independent,US,"SIGSBY, ROBERT WAYNE",P60006566,2016
2016-02-17,N,00,0,{2016},{00},{2016},O,Open seat,P,President,UN,UNAFFILIATED,US,"HOGAN, DANIEL JARED MR",P60006582,2016
2016-02-17,N,00,0,{2016},{00},{2016},O,Open seat,P,President,IND,Independent,US,"OATMAN, MICHAEL REVEREND",P60006608,2016
2016-02-17,N,00,0,{2016},{00},{2016},O,Open seat,P,President,IND,Independent,US,"NAGEL, ERIC",P60006632,2016
2016-02-17,N,00,0,{2016},{00},{2016},O,Open seat,P,President,REP,Republican Party,US,"RUBIO, MARCO",P60006723,2016
2016-02-17,N,00,0,{2016},{00},{2016},O,Open seat,P,President,REP,Republican Party,US,"MILLER, RAYMOND MELVIN",P60006731,2016
2016-02-17,N,00,0,{2016},{00},{2016},O,Open seat,P,President,OTH,Other,US,"LYNCH, WILLIAM THOMAS MR",P60006749,2016
2016-02-17,N,00,0,{2016},{00},{2016},O,Open seat,P,President,UN,UNAFFILIATED,US,"OWENS, WARREN PATRICK",P60006772,2016
2016-02-17,N,00,0,{2016},{00},{2016},O,Open seat,P,President,REP,Republican Party,US,"LYNCH, DENNIS M",P60006814,2016
2016-02-17,N,00,0,{2016},{00},{2016},O,Open seat,P,President,IND,Independent,US,"VANDEWEGE, MARK ALLEN",P60006830,2016
2016-02-17,N,00,0,{2016},{00},{2016},O,Open seat,P,President,NNE,None,US,"DUNCAN, LARRY WELDON",P60006871,2016
2016-02-17,N,00,0,{2016},{00},{2016},O,Open seat,P,President,REP,Republican Party,US,"MOORE, TIMOTHY JAY MR.",P60006889,2016
2016-02-17,N,00,0,{2016},{00},{2016},O,Open seat,P,President,DEM,Democratic Party,US,"UHRIC, RAYMOND JOHN",P60006905,2016
2016-02-17,N,00,0,{2016},{00},{2016},O,Open seat,P,President,DEM,Democratic Party,US,"MAUL, LESTER RALPH MR JR",P60006913,2016
2016-02-17,C,00,0,{2016},{00},{2016},O,Open seat,P,President,REP,Republican Party,US,"LYNCH, DENNIS MICHAEL",P60006954,2016
2016-02-17,N,00,0,{2016},{00},{2016},O,Open seat,P,President,IND,Independent,US,"CHESTER, JOHN CHAPMAN",P60006996,2016
2016-02-17,N,00,0,{2016},{00},{2016},O,Open seat,P,President,REP,Republican Party,US,"EVANS, NICHOLAS",P60007002,2016
2016-02-17,N,00,0,{2016},{00},{2016},O,Open seat,P,President,DEM,Democratic Party,US,"SINGLETON, JEROME",P60007044,2016
2016-02-17,N,00,0,{2016},{00},{2016},O,Open seat,P,President,IND,Independent,US,"LUTZ, RANDALL ROY",P60007069,2016
2016-02-17,N,00,0,{2016},{00},{2016},O,Open seat,P,President,DEM,Democratic Party,US,"EALY, LARRY ELLIS",P60007093,2016
2016-02-17,N,00,0,{2016},{00},{2016},O,Open seat,P,President,DEM,Democratic Party,US,"WEIL, RICHARD LYONS",P60007119,2016
2016-02-17,N,00,0,{2016},{00},{2016},O,Open seat,P,President,IND,Independent,US,"ZUTLER, DANIEL PAUL MR",P60007143,2016
2016-02-17,C,00,0,{2016},{00},{2016},O,Open seat,P,President,DEM,Democratic Party,US,"SANDERS, BERNARD",P60007168,2016
2016-02-17,N,00,0,{2016},{00},{2016},O,Open seat,P,President,IND,Independent,US,"FAAS, SOURAYA",P60007176,2016
2016-02-17,N,00,0,{2016},{00},{2016},O,Open seat,P,President,IND,Independent,US,"SNYDER, SPENCER ERIC MR.",P60007184,2016
2016-02-17,C,00,0,{2016},{00},{2016},O,Open seat,P,President,REP,Republican Party,US,"FIORINA, CARLY",P60007242,2016
2016-02-17,N,00,0,{2016},{00},{2016},O,Open seat,P,President,OTH,Other,US,"SMITHERMAN, TONY",P60007259,2016
2016-02-17,C,00,0,{2016},{00},{2016},O,Open seat,P,President,DEM,Democratic Party,US,"KELSO, LLOYD THOMAS",P60007267,2016
2016-02-17,N,00,0,{2016},{00},{2016},O,Open seat,P,President,UNK,Unknown,US,"PIATT, MARTY MR.",P60007283,2016
2016-02-17,N,00,0,{2016},{00},{2016},O,Open seat,P,President,REP,Republican Party,US,"DUKE, DOUGLAS HEWITT",P60007309,2016
2016-02-17,N,00,0,{2016},{00},{2016},O,Open seat,P,President,UNK,Unknown,US,"HART, LINDA  J",P60007317,2016
2016-02-17,N,00,0,{2016},{00},{2016},O,Open seat,P,President,DEM,Democratic Party,US,"MCCUBBINS, LIMBERBUTT",P60007366,2016
2016-02-17,N,00,0,{2016},{00},{2016},O,Open seat,P,President,IND,Independent,US,"FARKAS, TIMOTHY R",P60007416,2016
2016-02-17,C,00,0,{2016},{00},{2016},O,Open seat,P,President,IND,Independent,US,"SCROGGIE, JEREMY",P60007440,2016
2016-02-17,N,00,0,{2016},{00},{2016},O,Open seat,P,President,CON,CONSTITUTION PARTY,US,"COPELAND, ARLON SCOTT",P60007457,2016
2016-02-17,N,00,0,{2016},{00},{2016},O,Open seat,P,President,IND,Independent,US,"MOORE, BILLY TOM",P60007473,2016
2016-02-17,N,00,0,{2016},{00},{2016},O,Open seat,P,President,REP,Republican Party,US,"STETSON, JOSEPH ARTHUR",P60007481,2016
2016-02-17,N,00,0,{2016},{00},{2016},O,Open seat,P,President,DEM,Democratic Party,US,"MILLS, DAVID ALLEN",P60007499,2016
2016-02-17,C,00,0,{2016},{00},{2016},O,Open seat,P,President,DEM,Democratic Party,US,"WILSON, WILLIE",P60007515,2016
2016-02-17,N,00,0,{2016},{00},{2016},O,Open seat,P,President,DEM,Democratic Party,US,"BELL, JAMES JEROME MR.",P60007523,2016
2016-02-17,N,00,0,{2016},{00},{2016},O,Open seat,P,President,REP,Republican Party,US,"SLEGGS, MARK MR.",P60007531,2016
2016-02-17,C,00,0,{2016},{00},{2016},O,Open seat,P,President,REP,Republican Party,US,"PATAKI, GEORGE E",P60007572,2016
2016-02-17,N,00,0,{2016},{00},{2016},O,Open seat,P,President,DEM,Democratic Party,US,"MCKOWN, DARRELL MACK",P60007580,2016
2016-02-17,N,00,0,{2016},{00},{2016},O,Open seat,P,President,DEM,Democratic Party,US,"BRAUL, HARRY WILLIAM III",P60007630,2016
2016-02-17,N,00,0,{2016},{00},{2016},O,Open seat,P,President,IND,Independent,US,"WALKER, MICHELLE ""HOPE""",P60007655,2016
2016-02-17,N,00,0,{2016},{00},{2016},O,Open seat,P,President,NPA,NO PARTY AFFILIATION,US,"JERRY, RENEE KEYA",P60007663,2016
2016-02-17,C,00,0,{2016},{00},{2016},O,Open seat,P,President,DEM,Democratic Party,US,"O'MALLEY, MARTIN JOSEPH",P60007671,2016
2016-02-17,N,00,0,{2016},{00},{2016},O,Open seat,P,President,DEM,Democratic Party,US,"KEITA, MOHAMMED",P60007689,2016
2016-02-17,C,00,0,{2016},{00},{2016},O,Open seat,P,President,REP,Republican Party,US,"GRAHAM, LINDSEY O",P60007697,2016
2016-02-17,N,00,0,{2016},{00},{2016},O,Open seat,P,President,DEM,Democratic Party,US,"FORSYTH, JOHN SCOTT",P60007739,2016
2016-02-17,N,00,0,{2016},{00},{2016},O,Open seat,P,President,IND,Independent,US,"GLADSTONE, STEVE",P60007747,2016
2016-02-17,C,00,0,{2016},{00},{2016},O,Open seat,P,President,DEM,Democratic Party,US,"WINSLOW, BRAD MR.",P60007754,2016
2016-02-17,N,00,0,{2016},{00},{2016},O,Open seat,P,President,IND,Independent,US,"BROOKS, MARK",P60007762,2016
2016-02-17,N,00,0,{2016},{00},{2016},O,Open seat,P,President,UN,UNAFFILIATED,US,"THOMPSON, MORRIS KENT MR.",P60007770,2016
2016-02-17,N,00,0,{2016},{00},{2016},O,Open seat,P,President,OTH,Other,US,"BARNES, DYJUAN D",P60007788,2016
2016-02-17,N,00,0,{2016},{00},{2016},O,Open seat,P,President,OTH,Other,US,"KATT, CORNELIUS JANNIK",P60007804,2016
2016-02-17,N,00,0,{2016},{00},{2016},O,Open seat,P,President,IND,Independent,US,"TRUITT, PAUL EDWARD DVM",P60007820,2016
2016-02-17,N,00,0,{2016},{00},{2016},O,Open seat,P,President,IDP,INDEPENDENCE PARTY,US,"BOISSELLE, CHAD EUGENE",P60007838,2016
2016-02-17,N,00,0,{2016},{00},{2016},O,Open seat,P,President,REP,Republican Party,US,"RODEO, KENNY",P60007887,2016
2016-04-05,C,00,0,{2016},{00},{2016},O,Open seat,P,President,GRE,Green Party,US,"MANLEY, ELIJAH D",P60007895,2016
2016-02-17,N,00,0,{2016},{00},{2016},O,Open seat,P,President,REP,Republican Party,US,"CULLISON, BROOKS ANDREWS",P60007903,2016
2016-02-22,N,00,0,{2016},{00},{2016},O,Open seat,P,President,LIB,Libertarian,US,"STERLING, SHAWNA",P60007929,2016
2016-02-17,N,00,0,{2016},{00},{2016},O,Open seat,P,President,REP,Republican Party,US,"NEWLAND, K. ROSS",P60007937,2016
2016-02-17,N,00,0,{2016},{00},{2016},O,Open seat,P,President,UN,UNAFFILIATED,US,"LARM, DAVID ROBERT MR",P60007978,2016
2016-02-17,N,00,0,{2016},{00},{2016},O,Open seat,P,President,DEM,Democratic Party,US,"YOUNG, SUSAN",P60008026,2016
2016-02-17,N,00,0,{2016},{00},{2016},O,Open seat,P,President,FED,FEDERALIST,US,"CASTILLEJOS, MICHAEL",P60008042,2016
2016-02-17,C,00,0,{2016},{00},{2016},O,Open seat,P,President,REP,Republican Party,US,"BUSH, JEB",P60008059,2016
2016-02-17,N,00,0,{2016},{00},{2016},O,Open seat,P,President,IND,Independent,US,"SCRUGGS, MICHAEL W REVEREND",P60008067,2016
2016-02-17,C,00,0,{2016},{00},{2016},O,Open seat,P,President,DEM,Democratic Party,US,"CHAFEE, LINCOLN DAVENPORT MR.",P60008075,2016
2016-02-17,N,00,0,{2016},{00},{2016},O,Open seat,P,President,REP,Republican Party,US,"JOHNSON, TYRONE MR",P60008117,2016
2016-02-17,N,00,0,{2016},{00},{2016},O,Open seat,P,President,IND,Independent,US,"CORNELL, PHILIP MR.",P60008125,2016
2016-02-17,N,00,0,{2016},{00},{2016},O,Open seat,P,President,DEM,Democratic Party,US,"COLLINS, JAMES CASEY",P60008133,2016
2016-02-17,N,00,0,{2016},{00},{2016},O,Open seat,P,President,NPA,NO PARTY AFFILIATION,US,"STEVENS, JESSE LEE MR.",P60008141,2016
2016-02-17,N,00,0,{2016},{00},{2016},O,Open seat,P,President,NPA,NO PARTY AFFILIATION,US,"MYERS, HILARY HELEN",P60008166,2016
2016-02-17,N,00,0,{2016},{00},{2016},O,Open seat,P,President,DEM,Democratic Party,US,"HOFFMAN, RALPH ROBBIE MR. SIR.",P60008257,2016
2016-02-17,N,00,0,{2016},{00},{2016},O,Open seat,P,President,REP,Republican Party,US,"HANGER, EMMETT W JR",P60008265,2016
2016-04-17,N,00,0,{2016},{00},{2016},O,Open seat,P,President,W,WRITE-IN,US,"JENNINGS, GERALD JOHN MR. II",P60008299,2016
2016-02-17,N,00,0,{2016},{00},{2016},O,Open seat,P,President,DEM,Democratic Party,US,"GRIBBLE, QUANCIDINE HINSON",P60008323,2016
2016-02-17,N,00,0,{2016},{00},{2016},O,Open seat,P,President,IND,Independent,US,"CIOTTI, ANTHONY MR. III",P60008331,2016
2016-02-17,N,00,0,{2016},{00},{2016},O,Open seat,P,President,IDP,INDEPENDENCE PARTY,US,"ROSENBAUM, ANDREW SCOTT MR.",P60008349,2016
2016-02-17,N,00,0,{2016},{00},{2016},O,Open seat,P,President,W,WRITE-IN,US,"VEGA, ISAAC ADAM MR.",P60008364,2016
2016-02-17,C,00,0,{2016},{00},{2016},O,Open seat,P,President,REP,Republican Party,US,"JINDAL, BOBBY",P60008398,2016
2016-02-17,N,00,0,{2016},{00},{2016},O,Open seat,P,President,OTH,Other,US,"WESSON, DAVID S",P60008414,2016
2016-02-17,N,00,0,{2016},{00},{2016},O,Open seat,P,President,DEM,Democratic Party,US,"TOUCHETTGESS, MICHELE ANN JONES",P60008430,2016
2016-02-17,N,00,0,{2016},{00},{2016},O,Open seat,P,President,W,WRITE-IN,US,"STEVENS, PATRICIA DIANE",P60008463,2016
2016-02-17,N,00,0,{2016},{00},{2016},O,Open seat,P,President,OTH,Other,US,"RAINEY, KELLEY BRACKEN MS.",P60008471,2016
2016-02-17,C,00,0,{2016},{00},{2016},O,Open seat,P,President,IND,Independent,US,"COSTELLO, REGIS J",P60008489,2016
2016-02-17,N,00,0,{2016},{00},{2016},O,Open seat,P,President,LIB,Libertarian,US,"WILEY, MIKE",P60008513,2016
2016-02-17,C,00,0,{2016},{00},{2016},O,Open seat,P,President,REP,Republican Party,US,"CHRISTIE, CHRISTOPHER J",P60008521,2016
2016-02-17,N,00,0,{2016},{00},{2016},O,Open seat,P,President,IND,Independent,US,"WEIGEL, BENJAMIN FRANKLIN",P60008562,2016
2016-02-17,N,00,0,{2016},{00},{2016},O,Open seat,P,President,NPA,NO PARTY AFFILIATION,US,"EURTON, JOHN",P60008596,2016
2016-02-17,N,00,0,{2016},{00},{2016},O,Open seat,P,President,IND,Independent,US,"UNDEN, COLTON",P60008604,2016
2016-02-17,N,00,0,{2016},{00},{2016},O,Open seat,P,President,OTH,Other,US,"LEE..., R....",P60008620,2016
2016-02-17,N,00,0,{2016},{00},{2016},O,Open seat,P,President,IND,Independent,US,"LIBRACE, DAVID",P60008638,2016
2016-02-17,N,00,0,{2016},{00},{2016},O,Open seat,P,President,IND,Independent,US,"NELSON, URYAN MR.",P60008661,2016
2016-02-17,N,00,0,{2016},{00},{2016},O,Open seat,P,President,REP,Republican Party,US,"HAWKINS, TAMEIKA NICOLE",P60008679,2016
2016-02-17,N,00,0,{2016},{00},{2016},O,Open seat,P,President,REP,Republican Party,US,"OLIVEREZ, ESTEBAN MIGUEL MR.",P60008687,2016
2016-02-17,N,00,0,{2016},{00},{2016},O,Open seat,P,President,REP,Republican Party,US,"PATTERSON, STEPHEN MICHAEL",P60008695,2016
2016-03-22,N,00,0,{2016},{00},{2016},O,Open seat,P,President,IND,Independent,US,"TORKKO, CAROL",P60008729,2016
2016-02-17,N,00,0,{2016},{00},{2016},O,Open seat,P,President,REP,Republican Party,US,"FRATTERSON, TURK YOLNINETIMES MR.",P60008745,2016
2016-02-17,N,00,0,{2016},{00},{2016},O,Open seat,P,President,DEM,Democratic Party,US,"HART, JASON AARON",P60008760,2016
2016-02-17,N,00,0,{2016},{00},{2016},O,Open seat,P,President,REP,Republican Party,US,"ELIJAH, ISIS",P60008786,2016
2016-02-17,N,00,0,{2016},{00},{2016},O,Open seat,P,President,REP,Republican Party,US,"BOATENG, KWAME APPIAH",P60008851,2016
2016-02-17,C,00,0,{2016},{00},{2016},O,Open seat,P,President,UNK,Unknown,US,"WEBB, JAMES",P60008885,2016
2016-02-17,N,00,0,{2016},{00},{2016},O,Open seat,P,President,IAP,Independent American Party,US,"HUBER, FRANK STEVEN DAVID II",P60008901,2016
2016-02-17,N,00,0,{2016},{00},{2016},O,Open seat,P,President,IND,Independent,US,"DREW, ARTHUR",P60008919,2016
2016-02-17,N,00,0,{2016},{00},{2016},O,Open seat,P,President,REP,Republican Party,US,"MARTINX, ANDY",P60008943,2016
2016-02-17,N,00,0,{2016},{00},{2016},O,Open seat,P,President,REP,Republican Party,US,"ADAMS, JACK LYNN",P60009008,2016
2016-02-17,N,00,0,{2016},{00},{2016},O,Open seat,P,President,DEM,Democratic Party,US,"PRIBBLE, ROBERT LEONARD II",P60009073,2016
2016-02-17,N,00,0,{2016},{00},{2016},O,Open seat,P,President,OTH,Other,US,"REED, ROBERT J MR",P60009081,2016
2016-02-17,N,00,0,{2016},{00},{2016},O,Open seat,P,President,REP,Republican Party,US,"WALKER, THAI ALLEN REV.",P60009107,2016
2016-02-17,N,00,0,{2016},{00},{2016},O,Open seat,P,President,REP,Republican Party,US,"MATHEWS, CORNELUIS",P60009123,2016
2016-02-17,N,00,0,{2016},{00},{2016},O,Open seat,P,President,IND,Independent,US,"GARCIA, SAMX",P60009149,2016
2016-02-17,N,00,0,{2016},{00},{2016},O,Open seat,P,President,REP,Republican Party,US,"CORNERSTONE, DAVID REED",P60009164,2016
2016-02-17,N,00,0,{2016},{00},{2016},O,Open seat,P,President,IND,Independent,US,"SARTIN, DAVID WAYNE",P60009172,2016
2016-02-17,N,00,0,{2016},{00},{2016},O,Open seat,P,President,OTH,Other,US,"SMITH, THOMAS BENJAMIN",P60009180,2016
2016-02-17,N,00,0,{2016},{00},{2016},O,Open seat,P,President,IND,Independent,US,"NUTS, DEEZ",P60009198,2016
2016-02-17,N,00,0,{2016},{00},{2016},O,Open seat,P,President,NNE,None,US,"BRITT, JOSEPH PATRICK JR",P60009206,2016
2016-02-17,N,00,0,{2016},{00},{2016},O,Open seat,P,President,REP,Republican Party,US,"WARNER, STANLEY WESLEY",P60009214,2016
2016-02-17,N,00,0,{2016},{00},{2016},O,Open seat,P,President,IND,Independent,US,"ERWIN, FRANKLIN JAMES",P60009230,2016
2016-02-17,N,00,0,{2016},{00},{2016},O,Open seat,P,President,IND,Independent,US,"HAEN, DAVID M",P60009305,2016
2016-02-17,N,00,0,{2016},{00},{2016},O,Open seat,P,President,ACE,ACE PARTY,US,"MCKEEVER, EAMON",P60009313,2016
2016-02-17,N,00,0,{2016},{00},{2016},O,Open seat,P,President,IND,Independent,US,"DIONISIO, ROBERT MR.",P60009347,2016
2016-02-17,N,00,0,{2016},{00},{2016},O,Open seat,P,President,REP,Republican Party,US,"WEST, WARREN PHILIP",P60009354,2016
2016-02-17,N,00,0,{2016},{00},{2016},O,Open seat,P,President,DEM,Democratic Party,US,EDEN,P60009495,2016
2016-02-17,N,00,0,{2016},{00},{2016},O,Open seat,P,President,DEM,Democratic Party,US,"FRANCO, RICHARD ALAN MR.",P60009537,2016
2016-02-17,N,00,0,{2016},{00},{2016},O,Open seat,P,President,OTH,Other,US,"ROOSEVELT, JOHNNY GODDAMN MR",P60009545,2016
2016-02-17,N,00,0,{2016},{00},{2016},O,Open seat,P,President,W,WRITE-IN,US,"BAIRD, DUSTIN ALAN",P60009602,2016
2016-04-18,N,00,0,{2016},{00},{2016},O,Open seat,P,President,LIB,Libertarian,US,"BRIGGS, BRIAN JAMES MR.",P60009644,2016
2016-03-10,N,00,0,{2016},{00},{2016},O,Open seat,P,President,LIB,Libertarian,US,"OCKANDER, PATRICK ANTHONY MR.",P60009651,2016
2016-02-17,N,00,0,{2016},{00},{2016},O,Open seat,P,President,REP,Republican Party,US,"FARNELL, CHRISTOPHER",P60009735,2016
2016-02-17,N,00,0,{2016},{00},{2016},O,Open seat,P,President,NNE,None,US,"OAWLAWOLWADOL, PRINCESS",P60009750,2016
2016-02-17,N,00,0,{2016},{00},{2016},O,Open seat,P,President,REP,Republican Party,US,"ISRAEL, ABRAHAM",P60009834,2016
2016-02-17,N,00,0,{2016},{00},{2016},O,Open seat,P,President,REP,Republican Party,US,"MESSINA, PETER",P60009859,2016
2016-02-17,N,00,0,{2016},{00},{2016},O,Open seat,P,President,IDP,INDEPENDENCE PARTY,US,"GIORDANI, ROCKY MR.",P60009875,2016
2016-04-19,N,00,0,{2016},{00},{2016},O,Open seat,P,President,NNE,None,US,"WHITAKER, BOB",P60009933,2016
2016-02-17,N,00,0,{2016},{00},{2016},O,Open seat,P,President,REP,Republican Party,US,"ESPINOSA, GEBY E",P60009958,2016
2016-02-17,N,00,0,{2016},{00},{2016},O,Open seat,P,President,IND,Independent,US,"SMITH, ROBERT ALLISON JR",P60009966,2016
2016-02-17,N,00,0,{2016},{00},{2016},O,Open seat,P,President,IND,Independent,US,"LE FEELS, PEPE RARE",P60009990,2016
2016-02-17,N,00,0,{2016},{00},{2016},O,Open seat,P,President,DEM,Democratic Party,US,"GUTIERREZ, KRISTOPHER JAMES DR.",P60010006,2016
2016-02-17,N,00,0,{2016},{00},{2016},O,Open seat,P,President,IND,Independent,US,"KOONTZ, ASHTEN WILLIAM",P60010071,2016
2016-02-17,N,00,0,{2016},{00},{2016},O,Open seat,P,President,OTH,Other,US,"STANG, TIMOTHY JAMES",P60010196,2016
2016-02-17,N,00,0,{2016},{00},{2016},O,Open seat,P,President,NON,NON PARTISAN,US,"RODGERS, JOSEPH",P60010212,2016
2016-02-17,N,00,0,{2016},{00},{2016},O,Open seat,P,President,JCN,JEWISH/CHRISTIAN NATIONAL,US,"SATAN, KING PRESCOTT",P60010246,2016
2016-02-17,N,00,0,{2016},{00},{2016},O,Open seat,P,President,IND,Independent,US,"HAMLIN, QUINN",P60010303,2016
2016-02-17,N,00,0,{2016},{00},{2016},O,Open seat,P,President,IND,Independent,US,"EDDY, JASON",P60010337,2016
2016-02-17,N,00,0,{2016},{00},{2016},O,Open seat,P,President,REP,Republican Party,US,"SIMMONS, MICHAEL GENE MR.",P60010402,2016
2016-02-17,N,00,0,{2016},{00},{2016},O,Open seat,P,President,IND,Independent,US,"COLEMAN, O'BRIAN MCNEIL",P60010469,2016
2016-02-17,N,00,0,{2016},{00},{2016},O,Open seat,P,President,NPA,NO PARTY AFFILIATION,US,"WIMMER, MARK DAVID MR.",P60010600,2016
2016-02-17,N,00,0,{2016},{00},{2016},O,Open seat,P,President,IND,Independent,US,"CHENYWORTH, TONEY EVERETT",P60010618,2016
2016-02-17,N,00,0,{2016},{00},{2016},O,Open seat,P,President,IDP,INDEPENDENCE PARTY,US,"CRATCH, CLYDE OTTIS MR 3RD",P60010634,2016
2016-02-17,N,00,0,{2016},{00},{2016},O,Open seat,P,President,IND,Independent,US,"VAN ORDEN, MAXIMUS",P60010642,2016
2016-02-17,N,00,0,{2016},{00},{2016},O,Open seat,P,President,W,WRITE-IN,US,"GOODMAN, WILLIAM WOLF III",P60010675,2016
2016-02-17,N,00,0,{2016},{00},{2016},O,Open seat,P,President,IDP,INDEPENDENCE PARTY,US,"STUFF, BUTT",P60010691,2016
2016-03-07,N,00,0,{2016},{00},{2016},O,Open seat,P,President,REP,Republican Party,US,"BIZZLE, RANDALL",P60010717,2016
2016-02-17,N,00,0,{2016},{00},{2016},O,Open seat,P,President,DEM,Democratic Party,US,"BAZER, SAM CLARK",P60010741,2016
2016-02-17,N,00,0,{2016},{00},{2016},O,Open seat,P,President,FRE,FREEDOM PARTY,US,"MULLINS, BAIN",P60010774,2016
2016-02-17,N,00,0,{2016},{00},{2016},O,Open seat,P,President,FED,FEDERALIST,US,"DONOVAN, NED DAHL MR",P60010824,2016
2016-02-17,N,00,0,{2016},{00},{2016},O,Open seat,P,President,IND,Independent,US,"LUTHOR, ALEXANDER JOSEPH",P60010832,2016
2016-02-17,N,00,0,{2016},{00},{2016},O,Open seat,P,President,LIB,Libertarian,US,"MARKGRAF, BENJAMIN COLT",P60010899,2016
2016-02-17,N,00,0,{2016},{00},{2016},O,Open seat,P,President,UN,UNAFFILIATED,US,"MILLER, ALEXANDER",P60010931,2016
2016-02-17,N,00,0,{2016},{00},{2016},O,Open seat,P,President,IND,Independent,US,"CRUNCH, CAPTAIN",P60010949,2016
2016-02-17,N,00,0,{2016},{00},{2016},O,Open seat,P,President,IND,Independent,US,"RUSSO, MUGSY",P60010956,2016
2016-02-17,N,00,0,{2016},{00},{2016},O,Open seat,P,President,DEM,Democratic Party,US,"DADDY, CAM SIR",P60010980,2016
2016-02-17,N,00,0,{2016},{00},{2016},O,Open seat,P,President,IND,Independent,US,"BALBOA, ROCKY",P60011012,2016
2016-02-17,N,00,0,{2016},{00},{2016},O,Open seat,P,President,NON,NON PARTISAN,US,"MACKINTOSH, COLIN",P60011103,2016
2016-02-17,N,00,0,{2016},{00},{2016},O,Open seat,P,President,UN,UNAFFILIATED,US,"THOMAS, JOSHUA",P60011129,2016
2016-02-17,N,00,0,{2016},{00},{2016},O,Open seat,P,President,OTH,Other,US,"ROSTRON, ELIJAH DAVID",P60011160,2016
2016-02-17,N,00,0,{2016},{00},{2016},O,Open seat,P,President,DEM,Democratic Party,US,"JOHNSON, AIDAN",P60011194,2016
2016-02-17,N,00,0,{2016},{00},{2016},O,Open seat,P,President,IND,Independent,US,"LEDNOVICH, MICHAEL ANTHONY MR.",P60011244,2016
2016-02-17,N,00,0,{2016},{00},{2016},O,Open seat,P,President,LIB,Libertarian,US,"JENSEN, IRVING FREDRICK IV",P60011269,2016
2016-02-17,N,00,0,{2016},{00},{2016},O,Open seat,P,President,REP,Republican Party,US,"MCCARTHY, JOHN EDWARD MR.",P60011293,2016
2016-02-17,N,00,0,{2016},{00},{2016},O,Open seat,P,President,DEM,Democratic Party,US,"VALDEZ, LANINE",P60011475,2016
2016-02-17,N,00,0,{2016},{00},{2016},O,Open seat,P,President,IND,Independent,US,"FROG, PEPE LE MR.",P60011483,2016
2016-02-17,N,00,0,{2016},{00},{2016},O,Open seat,P,President,NNE,None,US,"TURNER, TOMMY",P60011509,2016
2016-03-20,N,00,0,{2016},{00},{2016},O,Open seat,P,President,LIB,Libertarian,US,"BERRY, JOEY",P60011517,2016
2016-02-17,N,00,0,{2016},{00},{2016},O,Open seat,P,President,W,WRITE-IN,US,"HURT, SAMUEL LEVI RABBI",P60011558,2016
2016-02-17,N,00,0,{2016},{00},{2016},O,Open seat,P,President,IND,Independent,US,"MAGOLNICK, MICHAEL",P60011616,2016
2016-02-17,N,00,0,{2016},{00},{2016},O,Open seat,P,President,POP,People Over Politics,US,"ANDERSON, JOHN LESTER MR",P60011632,2016
2016-02-17,N,00,0,{2016},{00},{2016},O,Open seat,P,President,IND,Independent,US,"BURNS, SEAN",P60011640,2016
2016-02-17,N,00,0,{2016},{00},{2016},O,Open seat,P,President,DEM,Democratic Party,US,"JOHNSON, KRYSTAL SHANTRELL MS.",P60011657,2016
2016-02-17,N,00,0,{2016},{00},{2016},O,Open seat,P,President,IND,Independent,US,"DUTRA, NORMAN",P60011681,2016
2016-02-17,N,00,0,{2016},{00},{2016},O,Open seat,P,President,CST,Constitutional,US,"SIMMONS, ANDREW",P60011723,2016
2016-02-17,N,00,0,{2016},{00},{2016},O,Open seat,P,President,IND,Independent,US,"REISBORD, SAMUEL M.",P60011855,2016
2016-02-17,N,00,0,{2016},{00},{2016},O,Open seat,P,President,NNE,None,US,"DAUB, MICHAEL",P60011905,2016
2016-02-17,N,00,0,{2016},{00},{2016},O,Open seat,P,President,NPA,NO PARTY AFFILIATION,US,"ZEALOT, COOKIE SIR",P60011988,2016
2016-02-17,N,00,0,{2016},{00},{2016},O,Open seat,P,President,IND,Independent,US,"SCHRUTE, DWIGHT",P60012010,2016
2016-02-17,N,00,0,{2016},{00},{2016},O,Open seat,P,President,OTH,Other,US,"DUKE, DEON LEWIS",P60012051,2016
2016-02-17,N,00,0,{2016},{00},{2016},O,Open seat,P,President,OTH,Other,US,"KENOBI, OBI WAN JEDI.",P60012085,2016
2016-02-17,N,00,0,{2016},{00},{2016},O,Open seat,P,President,NNE,None,US,"PALMIERI, LUKE",P60012119,2016
2016-02-17,N,00,0,{2016},{00},{2016},O,Open seat,P,President,UN,UNAFFILIATED,US,"TONSING, EDWARD MICHAEL",P60012150,2016
2016-02-17,N,00,0,{2016},{00},{2016},O,Open seat,P,President,GRE,Green Party,US,"VAYNBLAT, SAMUEL R MR",P60012192,2016
2016-02-17,N,00,0,{2016},{00},{2016},O,Open seat,P,President,IND,Independent,US,"JOHNSON, JOHN FITZGERALD MR.",P60012234,2016
2016-02-17,N,00,0,{2016},{00},{2016},O,Open seat,P,President,UNK,Unknown,US,"EDWARDS., JASEN LEMAR EX.",P60012242,2016
2016-02-17,N,00,0,{2016},{00},{2016},O,Open seat,P,President,REP,Republican Party,US,"PARADISE, CHRISTOPHER JOHN SENIOR",P60012267,2016
2016-02-17,N,00,0,{2016},{00},{2016},O,Open seat,P,President,UNK,Unknown,US,"WOW, DOGE",P60012275,2016
2016-02-17,N,00,0,{2016},{00},{2016},O,Open seat,P,President,DEM,Democratic Party,US,"COX, AUSTIN",P60012291,2016
2016-02-17,N,00,0,{2016},{00},{2016},O,Open seat,P,President,NON,NON PARTISAN,US,"GLOVER, DONALD",P60012309,2016
2016-02-17,N,00,0,{2016},{00},{2016},O,Open seat,P,President,DEM,Democratic Party,US,"PRESTE, PAUL GEORGE",P60012325,2016
2016-02-17,N,00,0,{2016},{00},{2016},O,Open seat,P,President,IND,Independent,US,"HANNURABI, HEAVEN",P60012366,2016
2016-02-17,N,00,0,{2016},{00},{2016},O,Open seat,P,President,IND,Independent,US,"PANTS, CRANKY",P60012432,2016
2016-02-17,N,00,0,{2016},{00},{2016},O,Open seat,P,President,REP,Republican Party,US,"PERICOLO, ANTHONY AMERIGO MR.",P60012473,2016
2016-02-17,N,00,0,{2016},{00},{2016},O,Open seat,P,President,IND,Independent,US,"RIESENBECK, KYLE REV.",P60012549,2016
2016-02-17,N,00,0,{2016},{00},{2016},O,Open seat,P,President,W,WRITE-IN,US,"HOLLIDAY, DANA ALLISON MS",P60012556,2016
2016-02-17,N,00,0,{2016},{00},{2016},O,Open seat,P,President,IND,Independent,US,"CATRINA, JASON ANTHONY",P60012598,2016
2016-02-17,N,00,0,{2016},{00},{2016},O,Open seat,P,President,DEM,Democratic Party,US,"SHUTT, ZACHARY DEREESE",P60012630,2016
2016-04-13,N,00,0,{2016},{00},{2016},O,Open seat,P,President,IND,Independent,US,"CHUNG, ANDREW HEARTDOC",P60012697,2016
2016-02-17,N,00,0,{2016},{00},{2016},O,Open seat,P,President,IND,Independent,US,"TESENY, PAUL ANTHONY MR",P60012754,2016
2016-02-17,N,00,0,{2016},{00},{2016},O,Open seat,P,President,IDP,INDEPENDENCE PARTY,US,"LIBBY, JAMES A.",P60012762,2016
2016-02-17,N,00,0,{2016},{00},{2016},O,Open seat,P,President,IND,Independent,US,"BANNERMAN, JOSEPH",P60012788,2016
2016-02-17,N,00,0,{2016},{00},{2016},O,Open seat,P,President,COM,Communist Party,US,"DOLT, CAMERON MICHAEL",P60012812,2016
2016-02-17,N,00,0,{2016},{00},{2016},O,Open seat,P,President,OTH,Other,US,"ELDER, MICHAEL DAVID",P60012887,2016
2016-02-17,N,00,0,{2016},{00},{2016},O,Open seat,P,President,IND,Independent,US,"KUMRO, CHRISTOPHER EVERETT",P60012952,2016
2016-03-14,N,00,0,{2016},{00},{2016},O,Open seat,P,President,AMP,American Party,US,"SKEWES, PETER ALAN PH.D.",P60012960,2016
2016-02-17,N,00,0,{2016},{00},{2016},O,Open seat,P,President,IND,Independent,US,"FRAZEE, PHILIP",P60013034,2016
2016-02-17,N,00,0,{2016},{00},{2016},O,Open seat,P,President,IND,Independent,US,"GUY, BLUE HAIR",P60013042,2016
2016-02-17,N,00,0,{2016},{00},{2016},O,Open seat,P,President,OTH,Other,US,"DANIELSON, STENTOR",P60013158,2016
2016-02-17,N,00,0,{2016},{00},{2016},O,Open seat,P,President,SUS,Socialist Party U.S.A.,US,"HARMER, WILLIAM JOESEPH MR.",P60013208,2016
2016-02-17,N,00,0,{2016},{00},{2016},O,Open seat,P,President,IND,Independent,US,"MOONEY, JOHN MR,",P60013232,2016
2016-02-17,N,00,0,{2016},{00},{2016},O,Open seat,P,President,IDP,INDEPENDENCE PARTY,US,"TRUMP, SELAM MRS.",P60013265,2016
2016-02-17,N,00,0,{2016},{00},{2016},O,Open seat,P,President,IND,Independent,US,"PIRTLE, WILLIAM ANDREW",P60013299,2016
2016-02-17,N,00,0,{2016},{00},{2016},O,Open seat,P,President,REP,Republican Party,US,"DENTON, BRYAN",P60013331,2016
2016-02-17,N,00,0,{2016},{00},{2016},O,Open seat,P,President,REP,Republican Party,US,"CRISP, CALEB ALLEN LORD",P60013364,2016
2016-02-17,N,00,0,{2016},{00},{2016},O,Open seat,P,President,IDP,INDEPENDENCE PARTY,US,"GROVES, JAMES RYAN",P60013372,2016
2016-02-17,N,00,0,{2016},{00},{2016},O,Open seat,P,President,UN,UNAFFILIATED,US,"BIN LIFTIN, OSAMA",P60013380,2016
2016-02-17,N,00,0,{2016},{00},{2016},O,Open seat,P,President,DEM,Democratic Party,US,"DIETRICH, GRAYSON DEAN",P60013398,2016
2016-02-17,N,00,0,{2016},{00},{2016},O,Open seat,P,President,IND,Independent,US,"COOPER, LUKE ROBERT THOMAS",P60013463,2016
2016-02-17,N,00,0,{2016},{00},{2016},O,Open seat,P,President,HRP,Human Rights Party,US,"EXLEY, JOHN SBB DOCTOR",P60013471,2016
2016-02-17,N,00,0,{2016},{00},{2016},O,Open seat,P,President,UN,UNAFFILIATED,US,"HUTCHINSON, MATTHEW",P60013513,2016
2016-02-17,N,00,0,{2016},{00},{2016},O,Open seat,P,President,UNK,Unknown,US,"PEPE, RAREST",P60013547,2016
2016-02-17,N,00,0,{2016},{00},{2016},O,Open seat,P,President,IDP,INDEPENDENCE PARTY,US,"YANCEY, ITAI GEORDAE MR.",P60013562,2016
2016-02-17,N,00,0,{2016},{00},{2016},O,Open seat,P,President,IDP,INDEPENDENCE PARTY,US,"MANIS, ROBERT",P60013604,2016
2016-02-17,N,00,0,{2016},{00},{2016},O,Open seat,P,President,OTH,Other,US,"HOWARD, CHELENIE",P60013620,2016
2016-02-17,N,00,0,{2016},{00},{2016},O,Open seat,P,President,IAP,Independent American Party,US,"BILLSHOT, ELWOOD KIRK D MR. BAILEY",P60013950,2016
2016-03-11,N,00,0,{2016},{00},{2016},O,Open seat,P,President,IND,Independent,US,"STEF, MEL",P60013968,2016
2016-02-17,N,00,0,{2016},{00},{2016},O,Open seat,P,President,GRE,Green Party,US,"AMOROSO, JACOB PATRICK MR.",P60013984,2016
2016-02-17,N,00,0,{2016},{00},{2016},O,Open seat,P,President,REP,Republican Party,US,"SHEWBERT, DUSTIN RYAN MR SR",P60014024,2016
2016-02-17,N,00,0,{2016},{00},{2016},O,Open seat,P,President,W,WRITE-IN,US,"MOUSE, MICKEY",P60014032,2016
2016-02-17,N,00,0,{2016},{00},{2016},O,Open seat,P,President,REP,Republican Party,US,"KOST I, ERIC ALBERT DAVID",P60014073,2016
2016-02-17,N,00,0,{2016},{00},{2016},O,Open seat,P,President,W,WRITE-IN,US,"EVANS, KEVIN",P60014115,2016
2016-02-17,N,00,0,{2016},{00},{2016},O,Open seat,P,President,IDP,INDEPENDENCE PARTY,US,"SMITH, RYAN",P60014198,2016
2016-02-17,N,00,0,{2016},{00},{2016},O,Open seat,P,President,DEM,Democratic Party,US,HIP HOP FOR PRESIDENT,P60014271,2016
2016-02-17,N,00,0,{2016},{00},{2016},O,Open seat,P,President,LBL,Liberal Party,US,"RAMIREZ, JAMES ANDREW MR.",P60014347,2016
2016-02-17,N,00,0,{2016},{00},{2016},O,Open seat,P,President,REP,Republican Party,US,"COMLEY, STEPHEN BRADLEY SR",P60014396,2016
2016-02-17,N,00,0,{2016},{00},{2016},O,Open seat,P,President,DEM,Democratic Party,US,"AAAAAAAAAAAAAAAAAAAAAAAAAAAAAA, AAAAAA",P60014446,2016
2016-02-17,N,00,0,{2016},{00},{2016},O,Open seat,P,President,DEM,Democratic Party,US,"ABLEIDINGER, PHILL ALEXANDER",P60014461,2016
2016-02-17,N,00,0,{2016},{00},{2016},O,Open seat,P,President,DEM,Democratic Party,US,"COBURN, TANNER L",P60014503,2016
2016-02-17,N,00,0,{2016},{00},{2016},O,Open seat,P,President,REP,Republican Party,US,"WALKER, DAVID ROCKSTAR",P60014537,2016
2016-02-17,N,00,0,{2016},{00},{2016},O,Open seat,P,President,LIB,Libertarian,US,"NORTHCUTT, GREEN",P60014594,2016
2016-02-17,N,00,0,{2016},{00},{2016},O,Open seat,P,President,IDP,INDEPENDENCE PARTY,US,"MCAVERAGE, NORMAL",P60014610,2016
2016-02-17,N,00,0,{2016},{00},{2016},O,Open seat,P,President,AIP,American Independent Party,US,"PEPPER, DOCTOR",P60014693,2016
2016-02-17,N,00,0,{2016},{00},{2016},O,Open seat,P,President,DEM,Democratic Party,US,"PAYAN, JESUS JR.",P60014768,2016
2016-04-26,C,00,0,{2016},{00},{2016},O,Open seat,P,President,LIB,Libertarian,US,"MCAFEE, JOHN DAVID",P60014776,2016
2016-02-17,N,00,0,{2016},{00},{2016},O,Open seat,P,President,NON,NON PARTISAN,US,"DONELSON, ANDREW",P60014784,2016
2016-02-17,N,00,0,{2016},{00},{2016},O,Open seat,P,President,IND,Independent,US,"ASS, MMMM DAT MR.",P60014818,2016
2016-02-17,N,00,0,{2016},{00},{2016},O,Open seat,P,President,NPA,NO PARTY AFFILIATION,US,"BARO, PARKER JOHN",P60014834,2016
2016-02-17,N,00,0,{2016},{00},{2016},O,Open seat,P,President,W,WRITE-IN,US,"PEASE, JEFFREY SCOTT CAPTAIN II",P60014842,2016
2016-02-17,C,00,0,{2016},{00},{2016},O,Open seat,P,President,LIB,Libertarian,US,"ROBINSON JR, JACK BURTON",P60014909,2016
2016-02-17,N,00,0,{2016},{00},{2016},O,Open seat,P,President,DEM,Democratic Party,US,"RAMIE, TIFFANY KISHWANDA",P60014933,2016
2016-02-17,N,00,0,{2016},{00},{2016},O,Open seat,P,President,DEM,Democratic Party,US,"PENDLETON, CATHY JOHNSON",P60015013,2016
2016-02-17,N,00,0,{2016},{00},{2016},O,Open seat,P,President,NPA,NO PARTY AFFILIATION,US,"BAXTER, ADAM CRAIG MR",P60015021,2016
2016-02-17,N,00,0,{2016},{00},{2016},O,Open seat,P,President,DEM,Democratic Party,US,"TERAN, VIRGINIA MORALES MS",P60015047,2016
2016-02-17,N,00,0,{2016},{00},{2016},O,Open seat,P,President,UN,UNAFFILIATED,US,"PULAK, THABIT",P60015088,2016
2016-02-17,N,00,0,{2016},{00},{2016},O,Open seat,P,President,DEM,Democratic Party,US,"QUINCEL, ROBERT TODD",P60015112,2016
2016-02-17,N,00,0,{2016},{00},{2016},O,Open seat,P,President,IND,Independent,US,"JOSHI, ANIK MR",P60015245,2016
2016-02-17,N,00,0,{2016},{00},{2016},O,Open seat,P,President,IDP,INDEPENDENCE PARTY,US,"TOPICZ, JERRY",P60015302,2016
2016-02-17,N,00,0,{2016},{00},{2016},O,Open seat,P,President,NPA,NO PARTY AFFILIATION,US,"DAVIS, LANCE UGLY NATION MR",P60015328,2016
2016-02-17,N,00,0,{2016},{00},{2016},O,Open seat,P,President,DEM,Democratic Party,US,"BROWN, KENNEDY KING MR.",P60015336,2016
2016-02-17,C,00,0,{2016},{00},{2016},O,Open seat,P,President,IND,Independent,US,"BASIAGO, ANDREW DANIEL",P60015351,2016
2016-02-17,N,00,0,{2016},{00},{2016},O,Open seat,P,President,IND,Independent,US,"FIEDLER, MICHAEL WILLIAM MD",P60015377,2016
2016-02-17,N,00,0,{2016},{00},{2016},O,Open seat,P,President,DEM,Democratic Party,US,"RANDY SAVAGE, GHOST OF MACHO MAN",P60015385,2016
2016-02-17,N,00,0,{2016},{00},{2016},O,Open seat,P,President,W,WRITE-IN,US,"HYNES, LIZ DANGER",P60015401,2016
2016-02-17,N,00,0,{2016},{00},{2016},O,Open seat,P,President,IND,Independent,US,"KOPITKE, KYLE KENLEY DOCTOR",P60015419,2016
2016-02-17,N,00,0,{2016},{00},{2016},O,Open seat,P,President,REP,Republican Party,US,"RODRIGUEZ, JAMES WARD",P60015435,2016
2016-02-17,N,00,0,{2016},{00},{2016},O,Open seat,P,President,OTH,Other,US,"FAHL, MICHAEL TRAVIS",P60015526,2016
2016-02-17,N,00,0,{2016},{00},{2016},O,Open seat,P,President,REP,Republican Party,US,"HINKLE, GARY CHARLES",P60015534,2016
2016-02-17,N,00,0,{2016},{00},{2016},O,Open seat,P,President,IND,Independent,US,"BALLS, KC MATZO",P60015583,2016
2016-02-17,N,00,0,{2016},{00},{2016},O,Open seat,P,President,REP,Republican Party,US,"MCGEE, ROBERT DERK",P60015591,2016
2016-02-17,N,00,0,{2016},{00},{2016},O,Open seat,P,President,DEM,Democratic Party,US,"BEEBE, JAMES WESLEY DR",P60015609,2016
2016-02-17,N,00,0,{2016},{00},{2016},O,Open seat,P,President,REP,Republican Party,US,"JONES, ELVIS BUBBA",P60015617,2016
2016-02-17,N,00,0,{2016},{00},{2016},O,Open seat,P,President,IND,Independent,US,"PHILLIPS, CHRIS MR.",P60015690,2016
2016-02-17,N,00,0,{2016},{00},{2016},O,Open seat,P,President,DEM,Democratic Party,US,"LYNCH, WILLIAM CHARLES",P60015716,2016
2016-02-17,N,00,0,{2016},{00},{2016},O,Open seat,P,President,DEM,Democratic Party,US,"O'NEILL, BRIAN",P60015740,2016
2016-02-17,N,00,0,{2016},{00},{2016},O,Open seat,P,President,REP,Republican Party,US,"TRACY, ROBERT BRUCE",P60015757,2016
2016-02-17,C,00,0,{2016},{00},{2016},O,Open seat,P,President,IND,Independent,US,"MANELSKI, DEVON MARCUS",P60015773,2016
2016-02-17,N,00,0,{2016},{00},{2016},O,Open seat,P,President,IND,Independent,US,"LEE, THOMAS PAUL",P60015922,2016
2016-02-17,N,00,0,{2016},{00},{2016},O,Open seat,P,President,REP,Republican Party,US,"EBY, CHANDLER KADE",P60015971,2016
2016-02-17,N,00,0,{2016},{00},{2016},O,Open seat,P,President,DEM,Democratic Party,US,"SERINO, CHRISTIAN THOMAS",P60015997,2016
2016-02-17,N,00,0,{2016},{00},{2016},O,Open seat,P,President,IND,Independent,US,"NIELSEN, BAILEY",P60016029,2016
2016-02-17,N,00,0,{2016},{00},{2016},O,Open seat,P,President,IND,Independent,US,"SIMONSEN, DARIAN",P60016037,2016
2016-02-17,N,00,0,{2016},{00},{2016},O,Open seat,P,President,IND,Independent,US,"OLIVER, TATE",P60016045,2016
2016-02-17,N,00,0,{2016},{00},{2016},O,Open seat,P,President,IND,Independent,US,"HOUK, GRIFFEN",P60016052,2016
2016-02-17,N,00,0,{2016},{00},{2016},O,Open seat,P,President,DEM,Democratic Party,US,"MARSHALL, KYLE",P60016060,2016
2016-02-17,N,00,0,{2016},{00},{2016},O,Open seat,P,President,IND,Independent,US,"RUBERTT, RUSSELL JR",P60016078,2016
2016-02-17,N,00,0,{2016},{00},{2016},O,Open seat,P,President,IND,Independent,US,"COULTER, AUSTIN ALLEN MCEWAN",P60016086,2016
2016-02-17,N,00,0,{2016},{00},{2016},O,Open seat,P,President,IND,Independent,US,"YATES, PRESLEY R",P60016094,2016
2016-02-17,N,00,0,{2016},{00},{2016},O,Open seat,P,President,IND,Independent,US,"CARPER, KYRSTIN",P60016102,2016
2016-02-17,N,00,0,{2016},{00},{2016},O,Open seat,P,President,IND,Independent,US,"BENTLEY, JAMES",P60016110,2016
2016-02-17,N,00,0,{2016},{00},{2016},O,Open seat,P,President,IND,Independent,US,"WALLETTE, SAMANTHA",P60016128,2016
2016-02-17,N,00,0,{2016},{00},{2016},O,Open seat,P,President,OTH,Other,US,"WHITE, CHANDLER",P60016136,2016
2016-02-17,N,00,0,{2016},{00},{2016},O,Open seat,P,President,IND,Independent,US,"WHITE, PARIS",P60016144,2016
2016-02-17,N,00,0,{2016},{00},{2016},O,Open seat,P,President,REP,Republican Party,US,"EASTMAN, PHELAN",P60016151,2016
2016-02-17,N,00,0,{2016},{00},{2016},O,Open seat,P,President,IND,Independent,US,"DAVIS, JEREMY",P60016169,2016
2016-02-17,N,00,0,{2016},{00},{2016},O,Open seat,P,President,REP,Republican Party,US,"MALESIC, JACOB WYNN",P60016177,2016
2016-02-17,N,00,0,{2016},{00},{2016},O,Open seat,P,President,DEM,Democratic Party,US,"CATE, ANTHONY",P60016185,2016
2016-02-17,N,00,0,{2016},{00},{2016},O,Open seat,P,President,IND,Independent,US,"HELLSTROM, JACK HENRY ALLEN",P60016201,2016
2016-02-17,N,00,0,{2016},{00},{2016},O,Open seat,P,President,IND,Independent,US,"POLLOCK, LINDSY",P60016219,2016
2016-02-17,N,00,0,{2016},{00},{2016},O,Open seat,P,President,DEM,Democratic Party,US,"DORSEY, CHASE",P60016227,2016
2016-02-17,N,00,0,{2016},{00},{2016},O,Open seat,P,President,REP,Republican Party,US,"RILOMETO, JELTON",P60016235,2016
2016-02-17,N,00,0,{2016},{00},{2016},O,Open seat,P,President,IND,Independent,US,"WADSWORTH, MIKAYLA",P60016243,2016
2016-02-17,N,00,0,{2016},{00},{2016},O,Open seat,P,President,DEM,Democratic Party,US,"DITTMAN, MEGAYN  ASHLEE",P60016250,2016
2016-02-17,N,00,0,{2016},{00},{2016},O,Open seat,P,President,REP,Republican Party,US,"A$$, DAT PHAT",P60016268,2016
2016-02-17,N,00,0,{2016},{00},{2016},O,Open seat,P,President,DEM,Democratic Party,US,"SCHWEIGERT, MARGARET ELIZABETH",P60016292,2016
2016-02-17,N,00,0,{2016},{00},{2016},O,Open seat,P,President,OTH,Other,US,"HABJAN, JOHN",P60016300,2016
2016-02-17,C,00,0,{2016},{00},{2016},O,Open seat,P,President,DEM,Democratic Party,US,"DE  LA  FUENTE, ROQUE ROCKY",P60016342,2016
2016-02-17,N,00,0,{2016},{00},{2016},O,Open seat,P,President,IND,Independent,US,"SHARK, LEFT",P60016359,2016
2016-02-27,C,00,0,{2016},{00},{2016},O,Open seat,P,President,REP,Republican Party,US,"KITTINGTON, VALMA",P60016383,2016
2016-02-17,N,00,0,{2016},{00},{2016},O,Open seat,P,President,IND,Independent,US,"RUDEEN, ARRON",P60016409,2016
2016-02-17,N,00,0,{2016},{00},{2016},O,Open seat,P,President,IND,Independent,US,"WEBBER, DAVID A",P60016458,2016
2016-02-17,N,00,0,{2016},{00},{2016},O,Open seat,P,President,DEM,Democratic Party,US,"MOGYOROSSY, JULIUS E.",P60016482,2016
2016-02-17,N,00,0,{2016},{00},{2016},O,Open seat,P,President,LIB,Libertarian,US,"HALE, JOHN DAVID",P60016508,2016
2016-02-17,N,00,0,{2016},{00},{2016},O,Open seat,P,President,DEM,Democratic Party,US,"MAO, ANDREW",P60016714,2016
2016-02-17,N,00,0,{2016},{00},{2016},O,Open seat,P,President,REP,Republican Party,US,"HOTOP, TIM",P60016722,2016
2016-02-17,N,00,0,{2016},{00},{2016},O,Open seat,P,President,REP,Republican Party,US,"MCMILLAN, JIMMY ""RENT IS TOO DAMN HIGH",P60016805,2016
2016-02-17,N,00,0,{2016},{00},{2016},O,Open seat,P,President,REP,Republican Party,US,"BORING, PAIJ",P60016888,2016
2016-02-17,N,00,0,{2016},{00},{2016},O,Open seat,P,President,IND,Independent,US,"CLARK, SANTA ROY ALLEN",P60016904,2016
2016-02-17,N,00,0,{2016},{00},{2016},O,Open seat,P,President,NPA,NO PARTY AFFILIATION,US,"EPLEY, DAVID JACKSON",P60016912,2016
2016-02-17,N,00,0,{2016},{00},{2016},O,Open seat,P,President,REP,Republican Party,US,"PRAG, CHOMI",P60016920,2016
2016-02-17,N,00,0,{2016},{00},{2016},O,Open seat,P,President,IND,Independent,US,"MARTIN, DANNY WAYNE",P60016946,2016
2016-02-17,N,00,0,{2016},{00},{2016},O,Open seat,P,President,REF,Reform Party,US,"MARKS, STEPHEN MR.",P60017027,2016
2016-02-17,N,00,0,{2016},{00},{2016},O,Open seat,P,President,UN,UNAFFILIATED,US,"MARTOWSKA, MATTHEW",P60017092,2016
2016-04-22,C,00,0,{2016},{00},{2016},O,Open seat,P,President,NNE,None,US,"VALENTINE, JAMES",P60017100,2016
2016-02-17,N,00,0,{2016},{00},{2016},O,Open seat,P,President,NNE,None,US,"TOPPING, BRIAN KEITH",P60017142,2016
2016-02-17,N,00,0,{2016},{00},{2016},O,Open seat,P,President,UN,UNAFFILIATED,US,"CHRIST, JESUS",P60017159,2016
2016-02-17,N,00,0,{2016},{00},{2016},O,Open seat,P,President,NPA,NO PARTY AFFILIATION,US,"SKYWALKER, ANAKIN",P60017167,2016
2016-02-17,N,00,0,{2016},{00},{2016},O,Open seat,P,President,OTH,Other,US,"EDWARDS, LA RESA",P60017217,2016
2016-02-17,N,00,0,{2016},{00},{2016},O,Open seat,P,President,OTH,Other,US,"BEDIO, DENISE",P60017241,2016
2016-02-17,N,00,0,{2016},{00},{2016},O,Open seat,P,President,OTH,Other,US,"JEKYLL, DR.",P60017266,2016
2016-02-17,N,00,0,{2016},{00},{2016},O,Open seat,P,President,DEM,Democratic Party,US,"DAVIS, GARY GENE",P60017282,2016
2016-02-17,N,00,0,{2016},{00},{2016},O,Open seat,P,President,IND,Independent,US,"CAVAZOS, CYNTHIA T. MS.",P60017290,2016
2016-02-17,N,00,0,{2016},{00},{2016},O,Open seat,P,President,DEM,Democratic Party,US,"KALE, STEPHEN DR.",P60017308,2016
2016-02-17,N,00,0,{2016},{00},{2016},O,Open seat,P,President,W,WRITE-IN,US,"VADER, DARTH",P60017324,2016
2016-02-17,N,00,0,{2016},{00},{2016},O,Open seat,P,President,IND,Independent,US,"HURTEAU, PAUL ROSAIRE",P60017373,2016
2016-02-17,N,00,0,{2016},{00},{2016},O,Open seat,P,President,ACE,ACE PARTY,US,"MATOUSEK, MARK THOMAS DR.",P60017399,2016
2016-02-17,C,00,0,{2016},{00},{2016},O,Open seat,P,President,REP,Republican Party,US,"LYNCH, JAMES P SR",P60017423,2016
2016-02-17,N,00,0,{2016},{00},{2016},O,Open seat,P,President,DEM,Democratic Party,US,"TOLBERT, ROBERT LEE MR",P60017456,2016
2016-02-17,N,00,0,{2016},{00},{2016},O,Open seat,P,President,REP,Republican Party,US,"BONGARDT, BRUCE DAVID",P60017480,2016
2016-02-17,N,00,0,{2016},{00},{2016},O,Open seat,P,President,W,WRITE-IN,US,"KNAUB, BILLY",P60017498,2016
2016-02-17,N,00,0,{2016},{00},{2016},O,Open seat,P,President,REP,Republican Party,US,"MONTAIGNE, ETHAN JACK THE TRAIN MR",P60017506,2016
2016-02-17,N,00,0,{2016},{00},{2016},O,Open seat,P,President,REP,Republican Party,US,"SNOEYINK, NOLAN",P60017548,2016
2016-02-17,C,00,0,{2016},{00},{2016},O,Open seat,P,President,LIB,Libertarian,US,"PETERSEN, AUSTIN WADE",P60017563,2016
2016-02-17,N,00,0,{2016},{00},{2016},O,Open seat,P,President,DEM,Democratic Party,US,"BROWN, TONY MICHAEL",P60017605,2016
2016-02-17,N,00,0,{2016},{00},{2016},O,Open seat,P,President,OTH,Other,US,"HENAO, DARREN MR. BIGDEE",P60017613,2016
2016-02-17,N,00,0,{2016},{00},{2016},O,Open seat,P,President,IND,Independent,US,"MORISSON, SAMUEL JOSEPH DENIS COLM",P60017662,2016
2016-02-17,N,00,0,{2016},{00},{2016},O,Open seat,P,President,REP,Republican Party,US,"HALL, DAVID EAMES",P60017688,2016
2016-02-17,N,00,0,{2016},{00},{2016},O,Open seat,P,President,REP,Republican Party,US,"STEPHENS, HERBERT MURRAY",P60017696,2016
2016-02-17,N,00,0,{2016},{00},{2016},O,Open seat,P,President,UNK,Unknown,US,"ZORN, ROBERT ERWIN",P60017704,2016
2016-02-17,N,00,0,{2016},{00},{2016},O,Open seat,P,President,GRE,Green Party,US,"ULTRAPERVERT, DJ",P60017761,2016
2016-02-17,N,00,0,{2016},{00},{2016},O,Open seat,P,President,REP,Republican Party,US,"HUEY, KEVIN GLENN",P60017845,2016
2016-02-17,N,00,0,{2016},{00},{2016},O,Open seat,P,President,W,WRITE-IN,US,"GREUTER, CLIFTON G",P60017860,2016
2016-02-17,N,00,0,{2016},{00},{2016},O,Open seat,P,President,IND,Independent,US,"MANN, ROBERT L",P60017928,2016
2016-03-03,N,00,0,{2016},{00},{2016},O,Open seat,P,President,AIP,American Independent Party,US,"JACKSON, CRAIG ASHLEY DR. JR.",P60017977,2016
2016-02-17,N,00,0,{2016},{00},{2016},O,Open seat,P,President,OTH,Other,US,"SZATHMARY, DANIEL WILLIAM",P60017985,2016
2016-02-17,N,00,0,{2016},{00},{2016},O,Open seat,P,President,REP,Republican Party,US,"SHRUM, ROBERT MR.",P60017993,2016
2016-02-17,N,00,0,{2016},{00},{2016},O,Open seat,P,President,SOC,SOCIALIST PARTY U.S.A.,US,"SOLTYSIK, EMIDIO",P60018017,2016
2016-02-17,N,00,0,{2016},{00},{2016},O,Open seat,P,President,IND,Independent,US,"RUDEEN, AARON KENNETH",P60018124,2016
2016-02-17,N,00,0,{2016},{00},{2016},O,Open seat,P,President,IND,Independent,US,"DOYLE, COLIN B",P60018132,2016
2016-02-17,N,00,0,{2016},{00},{2016},O,Open seat,P,President,CON,CONSTITUTION PARTY,US,"MYERS, J.R.",P60018165,2016
2016-02-17,N,00,0,{2016},{00},{2016},O,Open seat,P,President,IND,Independent,US,"KNIGHT, DAVID DREW",P60018231,2016
2016-02-17,N,00,0,{2016},{00},{2016},O,Open seat,P,President,IND,Independent,US,"MALDONADO, JOSEPH A",P60018249,2016
2016-02-17,N,00,0,{2016},{00},{2016},O,Open seat,P,President,DEM,Democratic Party,US,"WILLIAMS, GUS MR.",P60018264,2016
2016-02-17,N,00,0,{2016},{00},{2016},O,Open seat,P,President,LIB,Libertarian,US,"STEELE, ROBERT",P60018272,2016
2016-02-17,N,00,0,{2016},{00},{2016},O,Open seat,P,President,OTH,Other,US,"NASH, JAMES ELBERT",P60018280,2016
2016-03-08,N,00,0,{2016},{00},{2016},O,Open seat,P,President,W,WRITE-IN,US,"WHANG, EDWARD SUNG",P60018298,2016
2016-02-17,N,00,0,{2016},{00},{2016},O,Open seat,P,President,IND,Independent,US,"BUTLER, NORMAN DOUGLAS",P60018306,2016
2016-03-07,N,00,0,{2016},{00},{2016},O,Open seat,P,President,REP,Republican Party,US,"HAZZARD, SHANNONN MONROE",P60018314,2016
2016-03-16,N,00,0,{2016},{00},{2016},O,Open seat,P,President,UN,UNAFFILIATED,US,"WOODARD, CHAD MR.",P60018363,2016
2016-02-17,N,00,0,{2016},{00},{2016},O,Open seat,P,President,REP,Republican Party,US,"GLASGOW, NATHANIEL",P60018371,2016
2016-02-17,C,00,0,{2016},{00},{2016},O,Open seat,P,President,UN,UNAFFILIATED,US,"ROY, JOHN CHARLES",P60018389,2016
2016-02-17,N,00,0,{2016},{00},{2016},O,Open seat,P,President,IND,Independent,US,"COURTOIS, DAKOTA",P60018421,2016
2016-02-17,N,00,0,{2016},{00},{2016},O,Open seat,P,President,REP,Republican Party,US,"DEMARCO, ANGELO THOMAS",P60018462,2016
2016-02-17,N,00,0,{2016},{00},{2016},O,Open seat,P,President,REP,Republican Party,US,"COPEN, KAREN",P60018488,2016
2016-02-17,C,00,0,"{1988,1990,1992,2000,2004,2008,2012,2016}","{00,00,00,00,00,00,00,00}","{1986,1988,1990,1992,1994,1996,1998,2000,2002,2004,2006,2008,2010,2012,2014,2016}",O,Open seat,P,President,DEM,Democratic Party,US,"CARTER, WILLIE FELIX",P80000268,2016
2016-04-20,N,00,0,"{1988,1992,1996,2000,2004,2008,2012,2016}","{00,00,00,00,00,00,00,00}","{1988,1990,1992,1994,1996,2000,2002,2004,2006,2008,2012,2014,2016}",,,P,President,IND,Independent,US,"HOFF, SAMUEL B DR",P80000672,2016
2016-02-17,C,00,0,{2016},{00},{2016},O,Open seat,P,President,REP,Republican Party,US,"TRUMP, DONALD J",P80001571,2016
2016-02-17,N,00,0,"{2008,2016}","{00,00}","{2006,2008,2010,2012,2014,2016}",O,Open seat,P,President,DEM,Democratic Party,US,"MEADOWS, SHERRY A",P80003031,2016
2016-02-17,N,00,0,"{2008,2012,2016}","{00,00,00}","{2006,2008,2010,2012,2016}",O,Open seat,P,President,DEM,Democratic Party,US,"BLYTH, JOHN DOUGLAS",P80003114,2016
2016-02-25,N,00,0,"{2008,2012,2016}","{00,00,00}","{2006,2008,2010,2012,2014,2016}",O,Open seat,P,President,IND,Independent,US,"MERCER, LEE L JR",P80003205,2016
2016-02-17,N,00,0,"{2008,2012,2016}","{00,00,00}","{2006,2008,2010,2012,2014,2016}",O,Open seat,P,President,DEM,Democratic Party,US,"CAESAR, PRESIDENT EMPEROR",P80003221,2016
2016-02-17,N,00,0,"{2008,2012,2016}","{00,00,00}","{2006,2010,2012,2014,2016}",O,Open seat,P,President,REP,Republican Party,US,"SAVIOR, OLE'",P80003239,2016
2016-02-17,C,00,0,"{2008,2016}","{00,00}","{2008,2010,2016}",O,Open seat,P,President,REP,Republican Party,US,"GILMORE, JAMES S III",P80003379,2016
2016-02-17,C,00,0,"{2008,2016}","{00,00}","{2008,2010,2012,2016}",O,Open seat,P,President,REP,Republican Party,US,"HUCKABEE, MIKE",P80003478,2016
2016-02-17,N,00,0,"{2012,2016}","{00,00}","{2012,2014,2016}",O,Open seat,P,President,W,WRITE-IN,US,"GRAHAM, MARK BLAIR",P80003544,2016
2016-02-29,N,00,0,"{2008,2016}","{00,00}","{2008,2010,2012,2014,2016}",O,Open seat,P,President,REP,Republican Party,US,"MITCHELL, JAMES CREIGHTON JR",P80003635,2016
2016-02-17,N,00,0,"{2008,2016}","{00,00}","{2008,2010,2012,2014,2016}",O,Open seat,P,President,IND,Independent,US,"ELLIOTT, CLAIRE ELISABETH",P80003643,2016
2016-02-17,N,00,0,"{2008,2016}","{00,00}","{2008,2010,2012,2014,2016}",O,Open seat,P,President,REP,Republican Party,US,"LEE, MONROE",P80003734,2016
2016-02-17,N,00,0,"{2008,2016}","{00,00}","{2008,2010,2012,2014,2016}",O,Open seat,P,President,DEM,Democratic Party,US,"POWELL, MICHEL ANISSA I",P80003916,2016
2016-02-17,N,00,0,"{2008,2012,2016}","{00,00,00}","{2008,2010,2012,2014,2016}",O,Open seat,P,President,REP,Republican Party,US,"BAILEY, GEORGE BRENT JR",P80003957,2016
2016-02-17,N,00,0,"{2008,2016}","{00,00}","{2008,2010,2012,2014,2016}",O,Open seat,P,President,DEM,Democratic Party,US,"SHEPARD, JACK EDWARD",P80004021,2016
2016-02-17,N,00,0,"{2008,2016}","{00,00}","{2008,2010,2012,2014,2016}",O,Open seat,P,President,REP,Republican Party,US,"VAUGHN, CORROGAN R",P80004237,2016
2016-02-17,N,00,0,{2016},{00},"{2014,2016}",O,Open seat,P,President,NNE,None,US,"PINNAVAIA, MATTHEW D",P80004328,2016
2016-02-17,N,00,0,"{2008,2016}","{00,00}","{2008,2010,2012,2014,2016}",O,Open seat,P,President,AMP,American Party,US,"BORMAN, MATTHEW JAY",P80004344,2016
2016-02-17,C,00,0,"{2008,2012,2016}","{00,00,00}","{2008,2012,2016}",O,Open seat,P,President,REP,Republican Party,US,"LYNCH, FRANK",P80004567,2016
2016-02-17,N,00,0,"{2008,2012,2016}","{00,00,00}","{2008,2010,2012,2014,2016}",O,Open seat,P,President,LIB,Libertarian,US,"SMITH, RHETT R",P80004641,2016
2016-02-17,N,00,0,"{2008,2016}","{00,00}","{2008,2010,2016}",O,Open seat,P,President,DEM,Democratic Party,US,"HEWES, HENRY",P80004765,2016
2016-04-26,N,00,0,"{2008,2012,2016}","{00,00,00}","{2008,2010,2012,2014,2016}",O,Open seat,P,President,IND,Independent,US,"BOSS, JEFFREY HARLAN",P80005077,2016
2016-02-17,N,00,0,"{2008,2012,2016}","{00,00,00}","{2008,2010,2012,2014,2016}",O,Open seat,P,President,IND,Independent,US,"HOINOSKI, DALE",P80005101,2016
2016-02-17,N,00,0,"{2012,2016}","{00,00}","{2012,2014,2016}",O,Open seat,P,President,NNE,None,US,"BRANNAN, CHARLES GORDON",P80005341,2016
2016-02-17,N,00,0,"{2008,2012,2016}","{00,00,00}","{2008,2012,2014,2016}",O,Open seat,P,President,REF,Reform Party,US,"CROSS, KENNETH ROBERT",P80005366,2016
2016-04-22,C,00,0,"{2008,2016}","{00,00}","{2008,2010,2016}",O,Open seat,P,President,PFD,Peace Freedom Party,US,"LA RIVA, GLORIA ESTELA",P80005572,2016
2016-04-11,N,00,0,"{2008,2012,2016}","{00,00,00}","{2008,2010,2012,2014,2016}",,,P,President,UNK,Unknown,US,"CHARLSON, REGINALD THOMAS",P80005689,2016
2016-02-17,N,00,0,"{2012,2016}","{00,00}","{2010,2012,2014,2016}",O,Open seat,P,President,CST,Constitutional,US,"CRIVEAU, JAMES DENNIS",P80005713,2016
2016-02-17,N,00,0,"{2008,2016}","{00,00}","{2008,2010,2016}",O,Open seat,P,President,OTH,Other,US,"MCNEIL, ROBERT A (BOB)",P80005762,2016
2016-02-17,N,00,0,{2016},{00},{2016},O,Open seat,P,President,REP,Republican Party,US,"SIMS, GREGORY",P80005838,2016
